Sequence.ID	Sequence.type	Modification	sequence
EBV-10	miRNA	5'-phosphorylation	TACATAACCATGGAGTTGGCTGT
EBV-1-1	miRNA	5'-phosphorylation	TAACCTGATCAGCCCCGGAGTT
EBV-11-3P	miRNA	5'-phosphorylation	ACGCACACCAGGCTGACTGCC
EBV-11-5P	miRNA	5'-phosphorylation	TCAGACAGTTTGGTGCGCTAGTTG
EBV-12	miRNA	5'-phosphorylation	TCCTGTGGTGTTTGGTGTGGTT
EBV-1-2	miRNA	5'-phosphorylation	TATCTTTTGCGGCAGAAATTGA
EBV-1-2-star	miRNA	5'-phosphorylation	AAATTCTGTTGCAGCAGATAGC
EBV-13	miRNA	5'-phosphorylation	TGTAACTTGCCAGGGACGGCTGA
EBV-1-3	miRNA	5'-phosphorylation	TAACGGGAAGTGTGTAAGCACA
EBV-1-3P	miRNA	5'-phosphorylation	TAGCACCGCTATCCACTATGTC
EBV-14-3P	miRNA	5'-phosphorylation	TAAATGCTGCAGTAGTAGGGAT
EBV-14-5P	miRNA	5'-phosphorylation	TACCCTACGCTGCCGATTTACA
EBV-15	miRNA	5'-phosphorylation	GTCAGTGGTTTTGTTTCCTTGA
EBV-1-5P	miRNA	5'-phosphorylation	TCTTAGTGGAAGTGACGTGCTGTG
EBV-16	miRNA	5'-phosphorylation	TTAGATAGAGTGGGTGTGTGCTCT
EBV-17-3P	miRNA	5'-phosphorylation	TGTATGCCTGGTGTCCCCTTAGT
EBV-17-5P	miRNA	5'-phosphorylation	TAAGAGGACGCAGGCATACAAG
EBV-18-3P	miRNA	5'-phosphorylation	TATCGGAAGTTTGGGCTTCGTC
EBV-18-5P	miRNA	5'-phosphorylation	TCAAGTTCGCACTTCCTATACA
EBV-19-3P	miRNA	5'-phosphorylation	TTTTGTTTGCTTGGGAATGCT
EBV-19-5P	miRNA	5'-phosphorylation	ACATTCCCCGCAAACATGACATG
EBV-20-3P	miRNA	5'-phosphorylation	CATGAAGGCACAGCCTGTTACC
EBV-20-5P	miRNA	5'-phosphorylation	TAGCAGGCATGTCTTCATTCC
EBV-2-3P	miRNA	5'-phosphorylation	AAGGAGCGATTTGGAGAAAATAAA
EBV-2-5P	miRNA	5'-phosphorylation	TATTTTCTGCATTCGCCCTTGC
EBV-3-3P	miRNA	5'-phosphorylation	CGCACCACTAGTCACCAGGTGT
EBV-3-5P	miRNA	5'-phosphorylation	ACCTAGTGTTAGTGTTGTGCT
EBV-4	miRNA	5'-phosphorylation	GACCTGATGCTGCTGGTGTGCT
EBV-5	miRNA	5'-phosphorylation	CAAGGTGAATATAGCTGCCCATCG
EBV-6-3P	miRNA	5'-phosphorylation	CGGGGATCGGACTAGCCTTAGA
EBV-6-5P	miRNA	5'-phosphorylation	TAAGGTTGGTCCAATCCATAGG
EBV-7	miRNA	5'-phosphorylation	CATCATAGTCCAGTGTCCAGGG
EBV-8-3P	miRNA	5'-phosphorylation	GTCACAATCTATGGGGTCGTAGA
EBV-8-5P	miRNA	5'-phosphorylation	TACGGTTTCCTAGATTGTACAG
EBV-9	miRNA	5'-phosphorylation	TAACACTTCATGGGTCCCGTAGT
HCMV-UL112	miRNA	5'-phosphorylation	AAGTGACGGTGAGATCCAGGCT
HCMV-UL148D	miRNA	5'-phosphorylation	TCGTCCTCCCCTTCTTCACCG
HCMV-UL22A	miRNA	5'-phosphorylation	TAACTAGCCTTCCCGTGAGA
HCMV-UL22A-star	miRNA	5'-phosphorylation	TCACCAGAATGCTAGTTTGTAG
HCMV-UL36	miRNA	5'-phosphorylation	TCGTTGAAGACACCTGGAAAGA
HCMV-UL70-3P	miRNA	5'-phosphorylation	GGGGATGGGCTGGCGCGCGG
HCMV-UL70-5P	miRNA	5'-phosphorylation	TGCGTCTCGGCCTCGTCCAGA
HCMV-US25-1	miRNA	5'-phosphorylation	AACCGCTCAGTGGCTCGGACC
HCMV-US25-2-3P	miRNA	5'-phosphorylation	ATCCACTTGGAGAGCTCCCGCGG
HCMV-US25-2-5P	miRNA	5'-phosphorylation	AGCGGTCTGTTCAGGTGGATGA
HCMV-US33-3P	miRNA	5'-phosphorylation	TCACGGTCCGAGCACATCCA
HCMV-US33-5P	miRNA	5'-phosphorylation	GATTGTGCCCGGACCGTGGGCG
HCMV-US4	miRNA	5'-phosphorylation	CGACATGGACGTGCAGGGGGAT
HCMV-US5-1	miRNA	5'-phosphorylation	TGACAAGCCTGACGAGAGCGT
HCMV-US5-2	miRNA	5'-phosphorylation	TTATGATAGGTGTGACGATGTC
HIV1-H1	miRNA	5'-phosphorylation	CCAGGGAGGCGTGCCTGGGC
HIV1-N367	miRNA	5'-phosphorylation	ACTGACCTTTGGATGGTGCTTCAA
HSV1-H1	miRNA	5'-phosphorylation	TGGAAGGACGGGAAGTGGAAG
HSV1-LAT	miRNA	5'-phosphorylation	TGGCGGCCCGGCCCGGGGCC
KSHV-K12-1	miRNA	5'-phosphorylation	ATTACAGGAAACTGGGTGTAAGC
KSHV-K12-10A	miRNA	5'-phosphorylation	TAGTGTTGTCCCCCCGAGTGGC
KSHV-K12-10B	miRNA	5'-phosphorylation	TGGTGTTGTCCCCCCGAGTGGC
KSHV-K12-11	miRNA	5'-phosphorylation	TTAATGCTTAGCCTGTGTCCGA
KSHV-K12-12	miRNA	5'-phosphorylation	ACCAGGCCACCATTCCTCTCCG
KSHV-K12-2	miRNA	5'-phosphorylation	AACTGTAGTCCGGGTCGATCTG
KSHV-K12-3	miRNA	5'-phosphorylation	TCACATTCTGAGGACGGCAGCGA
KSHV-K12-3-star	miRNA	5'-phosphorylation	TCGCGGTCACAGAATGTGACA
KSHV-K12-4-3P	miRNA	5'-phosphorylation	TAGAATACTGAGGCCTAGCTGA
KSHV-K12-4-5P	miRNA	5'-phosphorylation	AGCTAAACCGCAGTACTCTAGG
KSHV-K12-5	miRNA	5'-phosphorylation	TAGGATGCCTGGAACTTGCCGG
KSHV-K12-6-3P	miRNA	5'-phosphorylation	TGATGGTTTTCGGGCTGTTGAG
KSHV-K12-6-5P	miRNA	5'-phosphorylation	CCAGCAGCACCTAATCCATCGG
KSHV-K12-7	miRNA	5'-phosphorylation	TGATCCCATGTTGCTGGCGCT
KSHV-K12-8	miRNA	5'-phosphorylation	TAGGCGCGACTGAGAGAGCACG
KSHV-K12-9	miRNA	5'-phosphorylation	CTGGGTATACGCAGCTGCGTAA
KSHV-K12-9-star	miRNA	5'-phosphorylation	ACCCAGCTGCGTAAACCCCGCT
LET-7A	miRNA	5'-phosphorylation	TGAGGTAGTAGGTTGTATAGTT
LET-7B	miRNA	5'-phosphorylation	TGAGGTAGTAGGTTGTGTGGTT
LET-7C	miRNA	5'-phosphorylation	TGAGGTAGTAGGTTGTATGGTT
LET-7D	miRNA	5'-phosphorylation	AGAGGTAGTAGGTTGCATAGTT
LET-7D-star	miRNA	5'-phosphorylation	CTATACGACCTGCTGCCTTTCT
LET-7E	miRNA	5'-phosphorylation	TGAGGTAGGAGGTTGTATAGTT
LET-7F	miRNA	5'-phosphorylation	TGAGGTAGTAGATTGTATAGTT
LET-7G	miRNA	5'-phosphorylation	TGAGGTAGTAGTTTGTACAGTT
LET-7I	miRNA	5'-phosphorylation	TGAGGTAGTAGTTTGTGCTGTT
MGHV-M1-1	miRNA	5'-phosphorylation	TAGAAATGGCCGTACTTCCTTT
MGHV-M1-2	miRNA	5'-phosphorylation	CAGACCCCCTCTCCCCCTCTTT
MGHV-M1-3	miRNA	5'-phosphorylation	GAGGTGAGCAGGAGTTGCGCTT
MGHV-M1-4	miRNA	5'-phosphorylation	TCGAGGAGCACGTGTTATTCTA
MGHV-M1-5	miRNA	5'-phosphorylation	AGAGTTGAGATCGGGTCGTCTC
MGHV-M1-6	miRNA	5'-phosphorylation	TGAAACTGTGTGAGGTGGTTTT
MGHV-M1-7-3P	miRNA	5'-phosphorylation	GATATCGCGCCCACCTTTATT
MGHV-M1-7-5P	miRNA	5'-phosphorylation	AAAGGTGGAGGTGCGGTAACCT
MGHV-M1-8	miRNA	5'-phosphorylation	AGCACTCACTGGGGGTTTGGTC
MGHV-M1-9	miRNA	5'-phosphorylation	TCACATTTGCCTGGACCTTTTT
MIR-1	miRNA	5'-phosphorylation	TGGAATGTAAAGAAGTATGTAT
MIR-100	miRNA	5'-phosphorylation	AACCCGTAGATCCGAACTTGTG
MIR-101	miRNA	5'-phosphorylation	TACAGTACTGTGATAACTGAA
MIR-101B	miRNA	5'-phosphorylation	TACAGTACTGTGATAGCTGAA
MIR-103	miRNA	5'-phosphorylation	AGCAGCATTGTACAGGGCTATGA
MIR-105-hsa	miRNA	5'-phosphorylation	TCAAATGCTCAGACTCCTGTGGT
MIR-105-mmu	miRNA	5'-phosphorylation	CCAAGTGCTCAGATGCTTGTGGT
MIR-105-rno	miRNA	5'-phosphorylation	TCAAGTGCTCAGATGTCTGTGGT
MIR-106A-hsa	miRNA	5'-phosphorylation	AAAAGTGCTTACAGTGCAGGTAG
MIR-106A-mmu	miRNA	5'-phosphorylation	CAAAGTGCTAACAGTGCAGGTAG
MIR-106B	miRNA	5'-phosphorylation	TAAAGTGCTGACAGTGCAGAT
MIR-107	miRNA	5'-phosphorylation	AGCAGCATTGTACAGGGCTATCA
MIR-10A	miRNA	5'-phosphorylation	TACCCTGTAGATCCGAATTTGTG
MIR-10B	miRNA	5'-phosphorylation	TACCCTGTAGAACCGAATTTGTG
MIR-122	miRNA	5'-phosphorylation	TGGAGTGTGACAATGGTGTTTG
MIR-124	miRNA	5'-phosphorylation	TAAGGCACGCGGTGAATGCC
MIR-125A-5P	miRNA	5'-phosphorylation	TCCCTGAGACCCTTTAACCTGTGA
MIR-125B	miRNA	5'-phosphorylation	TCCCTGAGACCCTAACTTGTGA
MIR-126-3P	miRNA	5'-phosphorylation	TCGTACCGTGAGTAATAATGCG
MIR-126-5P	miRNA	5'-phosphorylation	CATTATTACTTTTGGTACGCG
MIR-127	miRNA	5'-phosphorylation	TCGGATCCGTCTGAGCTTGGCT
MIR-128	miRNA	5'-phosphorylation	TCACAGTGAACCGGTCTCTTT
MIR-129-3P	miRNA	5'-phosphorylation	AAGCCCTTACCCCAAAAAGCAT
MIR-129-5P	miRNA	5'-phosphorylation	CTTTTTGCGGTCTGGGCTTGC
MIR-130A	miRNA	5'-phosphorylation	CAGTGCAATGTTAAAAGGGCAT
MIR-130B	miRNA	5'-phosphorylation	CAGTGCAATGATGAAAGGGCAT
MIR-132	miRNA	5'-phosphorylation	TAACAGTCTACAGCCATGGTCG
MIR-133A	miRNA	5'-phosphorylation	TTTGGTCCCCTTCAACCAGCTG
MIR-133A-star	miRNA	5'-phosphorylation	GCTGGTAAAATGGAACCAAAT
MIR-133B	miRNA	5'-phosphorylation	TTTGGTCCCCTTCAACCAGCTA
MIR-134	miRNA	5'-phosphorylation	TGTGACTGGTTGACCAGAGGGG
MIR-135A	miRNA	5'-phosphorylation	TATGGCTTTTTATTCCTATGTGA
MIR-135B	miRNA	5'-phosphorylation	TATGGCTTTTCATTCCTATGTGA
MIR-136	miRNA	5'-phosphorylation	ACTCCATTTGTTTTGATGATGGA
MIR-136-2	miRNA	5'-phosphorylation	ACTCCATTTGTTTTGATGATGG
MIR-137	miRNA	5'-phosphorylation	TTATTGCTTAAGAATACGCGTAG
MIR-138	miRNA	5'-phosphorylation	AGCTGGTGTTGTGAATCAGGCCG
MIR-139-5P	miRNA	5'-phosphorylation	TCTACAGTGCACGTGTCTCCAG
MIR-140-3P	miRNA	5'-phosphorylation	TACCACAGGGTAGAACCACGGACA
MIR-140-5P	miRNA	5'-phosphorylation	CAGTGGTTTTACCCTATGGTAG
MIR-141	miRNA	5'-phosphorylation	TAACACTGTCTGGTAAAGATGG
MIR-142-3P	miRNA	5'-phosphorylation	TGTAGTGTTTCCTACTTTATGGA
MIR-142-5P	miRNA	5'-phosphorylation	CATAAAGTAGAAAGCACTACT
MIR-143	miRNA	5'-phosphorylation	TGAGATGAAGCACTGTAGCTCT
MIR-144	miRNA	5'-phosphorylation	TACAGTATAGATGATGTACT
MIR-145	miRNA	5'-phosphorylation	GTCCAGTTTTCCCAGGAATCCCT
MIR-146A	miRNA	5'-phosphorylation	TGAGAACTGAATTCCATGGGTT
MIR-146B-5P	miRNA	5'-phosphorylation	TGAGAACTGAATTCCATAGGCT
MIR-147A	miRNA	5'-phosphorylation	GTGTGTGGAAATGCTTCTGCTA
MIR-147B	miRNA	5'-phosphorylation	GTGTGCGGAAATGCTTCTGCTA
MIR-148A	miRNA	5'-phosphorylation	TCAGTGCACTACAGAACTTTGT
MIR-148B	miRNA	5'-phosphorylation	TCAGTGCATCACAGAACTTTGT
MIR-149	miRNA	5'-phosphorylation	TCTGGCTCCGTGTCTTCACTCCC
MIR-150	miRNA	5'-phosphorylation	TCTCCCAACCCTTGTACCAGTG
MIR-151-3P	miRNA	5'-phosphorylation	CTAGACTGAGGCTCCTTGAGG
MIR-151-3P-hsa	miRNA	5'-phosphorylation	CTAGACTGAAGCTCCTTGAGG
MIR-151-5P	miRNA	5'-phosphorylation	TCGAGGAGCTCACAGTCTAGT
MIR-152	miRNA	5'-phosphorylation	TCAGTGCATGACAGAACTTGG
MIR-153	miRNA	5'-phosphorylation	TTGCATAGTCACAAAAGTGATC
MIR-154	miRNA	5'-phosphorylation	TAGGTTATCCGTGTTGCCTTCG
MIR-154-star	miRNA	5'-phosphorylation	AATCATACACGGTTGACCTATT
MIR-155	miRNA	5'-phosphorylation	TTAATGCTAATTGTGATAGGGGT
MIR-155-hsa	miRNA	5'-phosphorylation	TTAATGCTAATCGTGATAGGGGT
MIR-15A	miRNA	5'-phosphorylation	TAGCAGCACATAATGGTTTGTG
MIR-15B	miRNA	5'-phosphorylation	TAGCAGCACATCATGGTTTACA
MIR-16	miRNA	5'-phosphorylation	TAGCAGCACGTAAATATTGGCG
MIR-17	miRNA	5'-phosphorylation	CAAAGTGCTTACAGTGCAGGTAG
MIR-17-star	miRNA	5'-phosphorylation	ACTGCAGTGAAGGCACTTGT
MIR-17-star-mmu	miRNA	5'-phosphorylation	ACTGCAGTGAGGGCACTTGTA
MIR-181A	miRNA	5'-phosphorylation	AACATTCAACGCTGTCGGTGAGT
MIR-181A-star	miRNA	5'-phosphorylation	ACCATCGACCGTTGATTGTACC
MIR-181B	miRNA	5'-phosphorylation	AACATTCATTGCTGTCGGTGGGT
MIR-181C	miRNA	5'-phosphorylation	AACATTCAACCTGTCGGTGAGT
MIR-181D	miRNA	5'-phosphorylation	AACATTCATTGTTGTCGGTGGGT
MIR-182	miRNA	5'-phosphorylation	TTTGGCAATGGTAGAACTCACACCG
MIR-182-hsa	miRNA	5'-phosphorylation	TTTGGCAATGGTAGAACTCACACT
MIR-182-star	miRNA	5'-phosphorylation	TGGTTCTAGACTTGCCAACTA
MIR-183	miRNA	5'-phosphorylation	TATGGCACTGGTAGAATTCACT
MIR-184	miRNA	5'-phosphorylation	TGGACGGAGAACTGATAAGGGT
MIR-185	miRNA	5'-phosphorylation	TGGAGAGAAAGGCAGTTCCTGA
MIR-186	miRNA	5'-phosphorylation	CAAAGAATTCTCCTTTTGGGCT
MIR-187	miRNA	5'-phosphorylation	TCGTGTCTTGTGTTGCAGCCGG
MIR-188-3P	miRNA	5'-phosphorylation	CTCCCACATGCAGGGTTTGCA
MIR-188-5P	miRNA	5'-phosphorylation	CATCCCTTGCATGGTGGAGGG
MIR-18A	miRNA	5'-phosphorylation	TAAGGTGCATCTAGTGCAGATAG
MIR-18A-star	miRNA	5'-phosphorylation	ACTGCCCTAAGTGCTCCTTCT
MIR-18B	miRNA	5'-phosphorylation	TAAGGTGCATCTAGTGCTGTTAG
MIR-18B-hsa	miRNA	5'-phosphorylation	TAAGGTGCATCTAGTGCAGTTAG
MIR-190	miRNA	5'-phosphorylation	TGATATGTTTGATATATTAGGT
MIR-190B	miRNA	5'-phosphorylation	TGATATGTTTGATATTGGGTT
MIR-190B-rno	miRNA	5'-phosphorylation	TGATATGTTTGATATTAGGTT
MIR-191	miRNA	5'-phosphorylation	CAACGGAATCCCAAAAGCAGCTG
MIR-191-star	miRNA	5'-phosphorylation	GCTGCGCTTGGATTTCGTCCCC
MIR-192	miRNA	5'-phosphorylation	CTGACCTATGAATTGACAGCC
MIR-193A-3P	miRNA	5'-phosphorylation	AACTGGCCTACAAAGTCCCAGT
MIR-193B	miRNA	5'-phosphorylation	AACTGGCCCTCAAAGTCCCGCT
MIR-193B-mmu	miRNA	5'-phosphorylation	AACTGGCCCACAAAGTCCCGCT
MIR-194	miRNA	5'-phosphorylation	TGTAACAGCAACTCCATGTGGA
MIR-195	miRNA	5'-phosphorylation	TAGCAGCACAGAAATATTGGC
MIR-196A	miRNA	5'-phosphorylation	TAGGTAGTTTCATGTTGTTGGG
MIR-196B	miRNA	5'-phosphorylation	TAGGTAGTTTCCTGTTGTTGGG
MIR-196C	miRNA	5'-phosphorylation	TAGGTAGTTTCGTGTTGTTGGG
MIR-197	miRNA	5'-phosphorylation	TTCACCACCTTCTCCACCCAGC
MIR-198	miRNA	5'-phosphorylation	GGTCCAGAGGGGAGATAGGTTC
MIR-199A-3P	miRNA	5'-phosphorylation	ACAGTAGTCTGCACATTGGTTA
MIR-199A-5P	miRNA	5'-phosphorylation	CCCAGTGTTCAGACTACCTGTTC
MIR-199B-5P	miRNA	5'-phosphorylation	CCCAGTGTTTAGACTACCTGTTC
MIR-199B-5P-hsa	miRNA	5'-phosphorylation	CCCAGTGTTTAGACTATCTGTTC
MIR-19A	miRNA	5'-phosphorylation	TGTGCAAATCTATGCAAAACTGA
MIR-19B	miRNA	5'-phosphorylation	TGTGCAAATCCATGCAAAACTGA
MIR-1-rno	miRNA	5'-phosphorylation	TGGAATGTAAAGAAGTGTGTAT
MIR-1-star	miRNA	5'-phosphorylation	GCACATACTTCTTTATGTACCC
MIR-200A	miRNA	5'-phosphorylation	TAACACTGTCTGGTAACGATGT
MIR-200A-star	miRNA	5'-phosphorylation	CATCTTACCGGACAGTGCTGGA
MIR-200B	miRNA	5'-phosphorylation	TAATACTGCCTGGTAATGATGA
MIR-200C	miRNA	5'-phosphorylation	TAATACTGCCGGGTAATGATGGA
MIR-201	miRNA	5'-phosphorylation	TACTCAGTAAGGCATTGTTCTT
MIR-201-rno	miRNA	5'-phosphorylation	CACTCAGTAAGGCATTGTTCTT
MIR-202-3P	miRNA	5'-phosphorylation	AGAGGTATAGGGCATGGGAA
MIR-202-3P-mmu	miRNA	5'-phosphorylation	AGAGGTATAGCGCATGGGAAGA
MIR-202-3P-rno	miRNA	5'-phosphorylation	AGAGGTATAGCGCATGGGAAAA
MIR-202-5P	miRNA	5'-phosphorylation	TTTCCTATGCATATACTTCTTT
MIR-203	miRNA	5'-phosphorylation	GTGAAATGTTTAGGACCACTAG
MIR-204	miRNA	5'-phosphorylation	TTCCCTTTGTCATCCTATGCCT
MIR-205	miRNA	5'-phosphorylation	TCCTTCATTCCACCGGAGTCTG
MIR-206	miRNA	5'-phosphorylation	TGGAATGTAAGGAAGTGTGTGG
MIR-207-mmu	miRNA	5'-phosphorylation	GCTTCTCCTGGCTCTCCTCCCTC
MIR-207-rno	miRNA	5'-phosphorylation	GCTTCTCCTGGCTCTCCTCCCTT
MIR-208A	miRNA	5'-phosphorylation	ATAAGACGAGCAAAAAGCTTGT
MIR-208B	miRNA	5'-phosphorylation	ATAAGACGAACAAAAGGTTTGT
MIR-20A	miRNA	5'-phosphorylation	TAAAGTGCTTATAGTGCAGGTAG
MIR-20A-star	miRNA	5'-phosphorylation	ACTGCATTACGAGCACTTACA
MIR-20B	miRNA	5'-phosphorylation	CAAAGTGCTCATAGTGCAGGTAG
MIR-20B-star	miRNA	5'-phosphorylation	ACTGCAGTGTGAGCACTTCTG
MIR-21	miRNA	5'-phosphorylation	TAGCTTATCAGACTGATGTTGA
MIR-210	miRNA	5'-phosphorylation	CTGTGCGTGTGACAGCGGCTGA
MIR-211	miRNA	5'-phosphorylation	TTCCCTTTGTCATCCTTTGCCT
MIR-211-hsa	miRNA	5'-phosphorylation	TTCCCTTTGTCATCCTTCGCCT
MIR-212	miRNA	5'-phosphorylation	TAACAGTCTCCAGTCACGGCCA
MIR-214	miRNA	5'-phosphorylation	ACAGCAGGCACAGACAGGCAGT
MIR-215	miRNA	5'-phosphorylation	ATGACCTATGATTTGACAGAC
MIR-215-hsa	miRNA	5'-phosphorylation	ATGACCTATGAATTGACAGAC
MIR-216A	miRNA	5'-phosphorylation	TAATCTCAGCTGGCAACTGTGA
MIR-216B	miRNA	5'-phosphorylation	AAATCTCTGCAGGCAAATGTGA
MIR-217	miRNA	5'-phosphorylation	TACTGCATCAGGAACTGACTGGA
MIR-217-hsa	miRNA	5'-phosphorylation	TACTGCATCAGGAACTGATTGGA
MIR-218	miRNA	5'-phosphorylation	TTGTGCTTGATCTAACCATGT
MIR-219-5P	miRNA	5'-phosphorylation	TGATTGTCCAAACGCAATTCT
MIR-22	miRNA	5'-phosphorylation	AAGCTGCCAGTTGAAGAACTGT
MIR-220	miRNA	5'-phosphorylation	CCACCACAGTGTCAGACACTT
MIR-220A	miRNA	5'-phosphorylation	CCACACCGTATCTGACACTTT
MIR-220B	miRNA	5'-phosphorylation	CCACCACCGTGTCTGACACTT
MIR-220C	miRNA	5'-phosphorylation	ACACAGGGCTGTTGTGAAGACT
MIR-221	miRNA	5'-phosphorylation	AGCTACATTGTCTGCTGGGTTTC
MIR-222	miRNA	5'-phosphorylation	AGCTACATCTGGCTACTGGGT
MIR-223	miRNA	5'-phosphorylation	TGTCAGTTTGTCAAATACCCCA
MIR-224	miRNA	5'-phosphorylation	CAAGTCACTAGTGGTTCCGTT
MIR-224-mmu	miRNA	5'-phosphorylation	TAAGTCACTAGTGGTTCCGTT
MIR-22-star	miRNA	5'-phosphorylation	AGTTCTTCAGTGGCAAGCTTT
MIR-23A	miRNA	5'-phosphorylation	ATCACATTGCCAGGGATTTCC
MIR-23B	miRNA	5'-phosphorylation	ATCACATTGCCAGGGATTACC
MIR-24	miRNA	5'-phosphorylation	TGGCTCAGTTCAGCAGGAACAG
MIR-24-1-star	miRNA	5'-phosphorylation	GTGCCTACTGAGCTGATATCAGT
MIR-25	miRNA	5'-phosphorylation	CATTGCACTTGTCTCGGTCTGA
MIR-26A	miRNA	5'-phosphorylation	TTCAAGTAATCCAGGATAGGCT
MIR-26B	miRNA	5'-phosphorylation	TTCAAGTAATTCAGGATAGGT
MIR-27A	miRNA	5'-phosphorylation	TTCACAGTGGCTAAGTTCCGC
MIR-27B	miRNA	5'-phosphorylation	TTCACAGTGGCTAAGTTCTGC
MIR-28-3P	miRNA	5'-phosphorylation	CACTAGATTGTGAGCTCCTGGA
MIR-28-3P-mmu	miRNA	5'-phosphorylation	CACTAGATTGTGAGCTGCTGGA
MIR-28-5P	miRNA	5'-phosphorylation	AAGGAGCTCACAGTCTATTGAG
MIR-290-3P-mmu	miRNA	5'-phosphorylation	AAAGTGCCGCCTAGTTTTAAGCCC
MIR-290-3P-rno	miRNA	5'-phosphorylation	AAAGTGCCGCCAGGTTTTAGGGCC
MIR-290-5P	miRNA	5'-phosphorylation	ACTCAAACTATGGGGGCACTTT
MIR-290-5P-rno	miRNA	5'-phosphorylation	TCTCAAACTATGGGGGCACTTT
MIR-291A-3P	miRNA	5'-phosphorylation	AAAGTGCTTCCACTTTGTGTGC
MIR-291A-5P	miRNA	5'-phosphorylation	CATCAAAGTGGAGGCCCTCTCT
MIR-291B-3P-mmu	miRNA	5'-phosphorylation	AAAGTGCATCCATTTTGTTTGT
MIR-291B-3P-rno	miRNA	5'-phosphorylation	AAAGTGCATCCATTTTGTTAGT
MIR-291B-5P-mmu	miRNA	5'-phosphorylation	GATCAAAGTGGAGGCCCTCTCC
MIR-291B-5P-rno	miRNA	5'-phosphorylation	CATCAAAGTGGAGGCCCTCTCC
MIR-292-3P	miRNA	5'-phosphorylation	AAAGTGCCGCCAGGTTTTGAGTGT
MIR-292-5P	miRNA	5'-phosphorylation	ACTCAAACTGGGGGCTCTTTTG
MIR-293-3P	miRNA	5'-phosphorylation	AGTGCCGCAGAGTTTGTAGTGT
MIR-293-3P-rno	miRNA	5'-phosphorylation	AGTGCCGCAAAGTTTGCAGTGT
MIR-294-3P-mmu	miRNA	5'-phosphorylation	AAAGTGCTTCCCTTTTGTGTGT
MIR-294-3P-rno	miRNA	5'-phosphorylation	AAAGTGCTTCCATTTTGTGTGT
MIR-295-3P-mmu	miRNA	5'-phosphorylation	AAAGTGCTACTACTTTTGAGTCT
MIR-295-3P-rno	miRNA	5'-phosphorylation	AAAGTGCTACTACTTTTGGGTGT
MIR-296-3P	miRNA	5'-phosphorylation	GAGGGTTGGGTGGAGGCTCTCC
MIR-296-5P	miRNA	5'-phosphorylation	AGGGCCCCCCCTCAATCCTGT
MIR-297	miRNA	5'-phosphorylation	ATGTATGTGTGCATGTATGCATG
MIR-297A	miRNA	5'-phosphorylation	ATGTATGTGTGCATGTGCATGT
MIR-297B	miRNA	5'-phosphorylation	ATGTATGTGTGCATGAACATGT
MIR-297C	miRNA	5'-phosphorylation	ATGTATGTGTGCATGTACATGT
MIR-297C-rno	miRNA	5'-phosphorylation	ATGTATGTGTGTATGTACATGT
MIR-298	miRNA	5'-phosphorylation	GGCAGAGGAGGGCTGTTCTTCCC
MIR-298-hsa	miRNA	5'-phosphorylation	AGCAGAAGCAGGGAGGTTCTCCCA
MIR-299-3P	miRNA	5'-phosphorylation	TATGTGGGACGGTAAACCGCTT
MIR-299-3P-hsa	miRNA	5'-phosphorylation	TATGTGGGATGGTAAACCGCTT
MIR-299-5P	miRNA	5'-phosphorylation	TGGTTTACCGTCCCACATACAT
MIR-29A	miRNA	5'-phosphorylation	TAGCACCATCTGAAATCGGTTA
MIR-29B	miRNA	5'-phosphorylation	TAGCACCATTTGAAATCAGTGTT
MIR-29C	miRNA	5'-phosphorylation	TAGCACCATTTGAAATCGGTTA
MIR-29C-star	miRNA	5'-phosphorylation	TGACCGATTTCTCCTGGTGTTC
MIR-300-3P	miRNA	5'-phosphorylation	TATGCAAGGGCAAGCTCTCTTC
MIR-300-3P-hsa	miRNA	5'-phosphorylation	TATACAAGGGCAGACTCTCTCT
MIR-301A	miRNA	5'-phosphorylation	CAGTGCAATAGTATTGTCAAAGC
MIR-301B	miRNA	5'-phosphorylation	CAGTGCAATGGTATTGTCAAAGC
MIR-301B-hsa	miRNA	5'-phosphorylation	CAGTGCAATGATATTGTCAAAGC
MIR-302A	miRNA	5'-phosphorylation	TAAGTGCTTCCATGTTTTGGTGA
MIR-302A-star	miRNA	5'-phosphorylation	TAAACGTGGATGTACTTGCTTT
MIR-302B	miRNA	5'-phosphorylation	TAAGTGCTTCCATGTTTTAGTAG
MIR-302B-star-hsa	miRNA	5'-phosphorylation	ACTTTAACATGGAAGTGCTTTCT
MIR-302B-star-mmu	miRNA	5'-phosphorylation	ACTTTAACATGGGAATGCTTTCT
MIR-302C	miRNA	5'-phosphorylation	AAGTGCTTCCATGTTTCAGTGG
MIR-302C-hsa	miRNA	5'-phosphorylation	TAAGTGCTTCCATGTTTCAGTGG
MIR-302C-rno	miRNA	5'-phosphorylation	CAAGTGCTTCCATGTTTCAGTGG
MIR-302C-star-hsa	miRNA	5'-phosphorylation	TTTAACATGGGGGTACCTGCTG
MIR-302C-star-mmu	miRNA	5'-phosphorylation	TTTAACATGGGGTTACCTGCTG
MIR-302D	miRNA	5'-phosphorylation	TAAGTGCTTCCATGTTTGAGTGT
MIR-30A	miRNA	5'-phosphorylation	TGTAAACATCCTCGACTGGAAG
MIR-30A-star	miRNA	5'-phosphorylation	CTTTCAGTCGGATGTTTGCAGC
MIR-30B	miRNA	5'-phosphorylation	TGTAAACATCCTACACTCAGCT
MIR-30C	miRNA	5'-phosphorylation	TGTAAACATCCTACACTCTCAGC
MIR-30D	miRNA	5'-phosphorylation	TGTAAACATCCCCGACTGGAAG
MIR-30E	miRNA	5'-phosphorylation	TGTAAACATCCTTGACTGGAAG
MIR-30E-star	miRNA	5'-phosphorylation	CTTTCAGTCGGATGTTTACAGC
MIR-31	miRNA	5'-phosphorylation	AGGCAAGATGCTGGCATAGCTG
MIR-31-2	miRNA	5'-phosphorylation	AGGCAAGATGCTGGCATAGCT
MIR-32	miRNA	5'-phosphorylation	TATTGCACATTACTAAGTTGCA
MIR-320A	miRNA	5'-phosphorylation	AAAAGCTGGGTTGAGAGGGCGA
MIR-322	miRNA	5'-phosphorylation	CAGCAGCAATTCATGTTTTGGA
MIR-322-hsa	miRNA	5'-phosphorylation	CAGCAGCAATTCATGTTTTGAA
MIR-322-star	miRNA	5'-phosphorylation	AAACATGAAGCGCTGCAACA
MIR-323-3P	miRNA	5'-phosphorylation	CACATTACACGGTCGACCTCT
MIR-323-5P	miRNA	5'-phosphorylation	AGGTGGTCCGTGGCGCGTTCGC
MIR-324-3P	miRNA	5'-phosphorylation	ACTGCCCCAGGTGCTGCTGGT
MIR-324-5P	miRNA	5'-phosphorylation	CGCATCCCCTAGGGCATTGGTGT
MIR-325-3P	miRNA	5'-phosphorylation	TTTATTGAGCACCTCCTATCAA
MIR-325-3P-hsa	miRNA	5'-phosphorylation	TTTATTGAGGACCTCCTATCAA
MIR-325-5P	miRNA	5'-phosphorylation	CCTAGTAGGTGCTCAGTAAGTGT
MIR-325-5P-hsa	miRNA	5'-phosphorylation	CCTAGTAGGTGTCCAGTAAGTGT
MIR-326	miRNA	5'-phosphorylation	CCTCTGGGCCCTTCCTCCAGT
MIR-327-mmu	miRNA	5'-phosphorylation	ACTTGAGGGGCATGAGGAT
MIR-327-rno	miRNA	5'-phosphorylation	CCTTGAGGGGCATGAGGGT
MIR-328-3P	miRNA	5'-phosphorylation	CTGGCCCTCTCTGCCCTTCCGT
MIR-329	miRNA	5'-phosphorylation	AACACACCCAGCTAACCTTTTT
MIR-329-hsa	miRNA	5'-phosphorylation	AACACACCTGGTTAACCTCTTT
MIR-330-3P	miRNA	5'-phosphorylation	GCAAAGCACAGGGCCTGCAGAGA
MIR-330-3P-hsa	miRNA	5'-phosphorylation	GCAAAGCACACGGCCTGCAGAGA
MIR-330-5P	miRNA	5'-phosphorylation	TCTCTGGGCCTGTGTCTTAGGC
MIR-331-3P	miRNA	5'-phosphorylation	GCCCCTGGGCCTATCCTAGAA
MIR-331-5P	miRNA	5'-phosphorylation	CTAGGTATGGTCCCAGGGATCC
MIR-333	miRNA	5'-phosphorylation	GTGGTGTGCTAGTTACTTTT
MIR-335	miRNA	5'-phosphorylation	TCAAGAGCAATAACGAAAAATGT
MIR-336	miRNA	5'-phosphorylation	TCACCCTTCCATATCTAGTCT
MIR-337-3P	miRNA	5'-phosphorylation	TTCAGCTCCTATATGATGCCT
MIR-337-3P-hsa	miRNA	5'-phosphorylation	CTCCTATATGATGCCTTTCTTC
MIR-337-5P	miRNA	5'-phosphorylation	GAACGGCGTCATGCAGGAGTT
MIR-337-5P-hsa	miRNA	5'-phosphorylation	GAACGGCTTCATACAGGAGTT
MIR-338-3P	miRNA	5'-phosphorylation	TCCAGCATCAGTGATTTTGTTGA
MIR-338-3P-2	miRNA	5'-phosphorylation	TCCAGCATCAGTGATTTTGTTG
MIR-339-3P-hsa	miRNA	5'-phosphorylation	TGAGCGCCTCGACGACAGAGCCG
MIR-339-3P-mmu	miRNA	5'-phosphorylation	TGAGCGCCTCGGCGACAGAGCCG
MIR-339-3P-rno	miRNA	5'-phosphorylation	TGAGCGCCTCGACGACAGAGCCA
MIR-339-5P	miRNA	5'-phosphorylation	TCCCTGTCCTCCAGGAGCTCACG
MIR-33A	miRNA	5'-phosphorylation	GTGCATTGTAGTTGCATTGCA
MIR-33B	miRNA	5'-phosphorylation	GTGCATTGCTGTTGCATTGC
MIR-340-3P	miRNA	5'-phosphorylation	TCCGTCTCAGTTACTTTATAGCC
MIR-340-5P	miRNA	5'-phosphorylation	TTATAAAGCAATGAGACTGATT
MIR-341	miRNA	5'-phosphorylation	TCGGTCGATCGGTCGGTCGGT
MIR-342-3P	miRNA	5'-phosphorylation	TCTCACACAGAAATCGCACCCGT
MIR-343-mmu	miRNA	5'-phosphorylation	TCTCCCTTCATGTGCCCAGA
MIR-343-rno	miRNA	5'-phosphorylation	TCTCCCTCCGTGTGCCCAGA
MIR-344-3P-mmu	miRNA	5'-phosphorylation	TGATCTAGCCAAAGCCTGACTGT
MIR-344-3P-rno	miRNA	5'-phosphorylation	TGATCTAGCCAAAGCCTGACCGT
MIR-344-5P	miRNA	5'-phosphorylation	TCAGGCTCCTGGCTAGATTCCAGG
MIR-344-5P-2	miRNA	5'-phosphorylation	TCAGGCTCCTGGCTAGATTCCA
MIR-345-5P	miRNA	5'-phosphorylation	GCTGACCCCTAGTCCAGTGCTT
MIR-345-5P-hsa	miRNA	5'-phosphorylation	GCTGACTCCTAGTCCAGGGCTC
MIR-346-hsa	miRNA	5'-phosphorylation	TGTCTGCCCGCATGCCTGCCTCT
MIR-346-mmu	miRNA	5'-phosphorylation	TGTCTGCCCGAGTGCCTGCCTCT
MIR-346-rno	miRNA	5'-phosphorylation	TGTCTGCCTGAGTGCCTGCCTCT
MIR-347	miRNA	5'-phosphorylation	TGTCCCTCTGGGTCGCCCA
MIR-349	miRNA	5'-phosphorylation	CAGCCCTGCTGTCTTAACCTCT
MIR-34A	miRNA	5'-phosphorylation	TGGCAGTGTCTTAGCTGGTTGT
MIR-34B-5P	miRNA	5'-phosphorylation	AGGCAGTGTAATTAGCTGATTGT
MIR-34B-5P-hsa	miRNA	5'-phosphorylation	AGGCAGTGTCATTAGCTGATTGT
MIR-34C-5P	miRNA	5'-phosphorylation	AGGCAGTGTAGTTAGCTGATTGC
MIR-350	miRNA	5'-phosphorylation	TTCACAAAGCCCATACACTTTC
MIR-350-hsa	miRNA	5'-phosphorylation	TTCACAAAGCCCATACACTTTCAC
MIR-351	miRNA	5'-phosphorylation	TCCCTGAGGAGCCCTTTGAGCCTGA
MIR-351-mmu	miRNA	5'-phosphorylation	TCCCTGAGGAGCCCTTTGAGCCTGT
MIR-352	miRNA	5'-phosphorylation	AGAGTAGTAGGTTGCATAGTA
MIR-361-5P	miRNA	5'-phosphorylation	TTATCAGAATCTCCAGGGGTAC
MIR-362-3P	miRNA	5'-phosphorylation	AACACACCTGTTCAAGGATTCA
MIR-362-3P-hsa	miRNA	5'-phosphorylation	AACACACCTATTCAAGGATTCA
MIR-362-5P	miRNA	5'-phosphorylation	AATCCTTGGAACCTAGGTGTGAAT
MIR-362-5P-hsa	miRNA	5'-phosphorylation	AATCCTTGGAACCTAGGTGTGAGT
MIR-363	miRNA	5'-phosphorylation	AATTGCACGGTATCCATCTGTA
MIR-363-star	miRNA	5'-phosphorylation	CGGGTGGATCACGATGCAATTT
MIR-365	miRNA	5'-phosphorylation	TAATGCCCCTAAAAATCCTTAT
MIR-367	miRNA	5'-phosphorylation	AATTGCACTTTAGCAATGGTGA
MIR-369-3P	miRNA	5'-phosphorylation	AATAATACATGGTTGATCTTT
MIR-369-5P	miRNA	5'-phosphorylation	AGATCGACCGTGTTATATTCGC
MIR-370	miRNA	5'-phosphorylation	GCCTGCTGGGGTGGAACCTGGT
MIR-371-3P	miRNA	5'-phosphorylation	AAGTGCCGCCATCTTTTGAGTGT
MIR-371-5P	miRNA	5'-phosphorylation	ACTCAAACTGTGGGGGCACT
MIR-372	miRNA	5'-phosphorylation	AAAGTGCTGCGACATTTGAGCGT
MIR-373	miRNA	5'-phosphorylation	GAAGTGCTTCGATTTTGGGGTGT
MIR-373-star	miRNA	5'-phosphorylation	ACTCAAAATGGGGGCGCTTTCC
MIR-374A	miRNA	5'-phosphorylation	TTATAATACAACCTGATAAGTG
MIR-374B	miRNA	5'-phosphorylation	ATATAATACAACCTGCTAAGTG
MIR-374-star	miRNA	5'-phosphorylation	GGTTGTATTATCATTGTCCGAG
MIR-375	miRNA	5'-phosphorylation	TTTGTTCGTTCGGCTCGCGTGA
MIR-376A	miRNA	5'-phosphorylation	ATCGTAGAGGAAAATCCACGT
MIR-376A-hsa	miRNA	5'-phosphorylation	ATCATAGAGGAAAATCCACGT
MIR-376A-star	miRNA	5'-phosphorylation	GGTAGATTCTCCTTCTATGAG
MIR-376B	miRNA	5'-phosphorylation	ATCATAGAGGAACATCCACTT
MIR-376B-hsa	miRNA	5'-phosphorylation	ATCATAGAGGAAAATCCATGTT
MIR-376B-star	miRNA	5'-phosphorylation	GTGGATATTCCTTCTATGGTT
MIR-376C	miRNA	5'-phosphorylation	AACATAGAGGAAATTTCACGT
MIR-376C-hsa	miRNA	5'-phosphorylation	AACATAGAGGAAATTCCACGT
MIR-377	miRNA	5'-phosphorylation	ATCACACAAAGGCAACTTTTGT
MIR-377-rno	miRNA	5'-phosphorylation	ATCACACAAAGGCAACTTTTGG
MIR-378	miRNA	5'-phosphorylation	ACTGGACTTGGAGTCAGAAGG
MIR-378-star	miRNA	5'-phosphorylation	CTCCTGACTCCAGGTCCTGTGT
MIR-379	miRNA	5'-phosphorylation	TGGTAGACTATGGAACGTAGG
MIR-380-3P	miRNA	5'-phosphorylation	TATGTAGTATGGTCCACATCTT
MIR-380-3P-hsa	miRNA	5'-phosphorylation	TATGTAATATGGTCCACATCTT
MIR-380-5P	miRNA	5'-phosphorylation	ATGGTTGACCATAGAACATGCG
MIR-381	miRNA	5'-phosphorylation	TATACAAGGGCAAGCTCTCTGT
MIR-382	miRNA	5'-phosphorylation	GAAGTTGTTCGTGGTGGATTCG
MIR-382-star	miRNA	5'-phosphorylation	AATCATTCACGGACAACACTT
MIR-383	miRNA	5'-phosphorylation	AGATCAGAAGGTGACTGTGGCT
MIR-383-hsa	miRNA	5'-phosphorylation	AGATCAGAAGGTGATTGTGGCT
MIR-384-3P	miRNA	5'-phosphorylation	ATTCCTAGAAATTGTTCACAAT
MIR-384-3P-hsa	miRNA	5'-phosphorylation	ATTCCTAGAAATTGTTCATAAT
MIR-384-5P	miRNA	5'-phosphorylation	TGTAAACAATTCCTAGGCAATGT
MIR-384-5P-hsa	miRNA	5'-phosphorylation	TTTAAACAATTCCTAGACAATAT
MIR-409-3P	miRNA	5'-phosphorylation	GAATGTTGCTCGGTGAACCCCT
MIR-409-5P	miRNA	5'-phosphorylation	AGGTTACCCGAGCAACTTTGCAT
MIR-410	miRNA	5'-phosphorylation	AATATAACACAGATGGCCTGT
MIR-411	miRNA	5'-phosphorylation	TAGTAGACCGTATAGCGTACG
MIR-411-star	miRNA	5'-phosphorylation	AACACGGTCCACTAACCCTCAGT
MIR-411-star-rno	miRNA	5'-phosphorylation	TATGTAACACGGTCCACTAACC
MIR-412	miRNA	5'-phosphorylation	TTCACCTGGTCCACTAGCCG
MIR-421-3P	miRNA	5'-phosphorylation	ATCAACAGACATTAATTGGGCGC
MIR-421-5P	miRNA	5'-phosphorylation	GGCCTCATTAAATGTTTGTTG
MIR-422A	miRNA	5'-phosphorylation	ACTGGACTTAGGGTCAGAAGGC
MIR-423-3P	miRNA	5'-phosphorylation	AGCTCGGTCTGAGGCCCCTCAGT
MIR-423-5P	miRNA	5'-phosphorylation	TGAGGGGCAGAGAGCGAGACTTT
MIR-425	miRNA	5'-phosphorylation	AATGACACGATCACTCCCGTTGA
MIR-425-star	miRNA	5'-phosphorylation	ATCGGGAATGTCGTGTCCGCC
MIR-429	miRNA	5'-phosphorylation	TAATACTGTCTGGTAATGCCGT
MIR-429-hsa	miRNA	5'-phosphorylation	TAATACTGTCTGGTAAAACCGT
MIR-431	miRNA	5'-phosphorylation	TGTCTTGCAGGCCGTCATGCA
MIR-432	miRNA	5'-phosphorylation	TCTTGGAGTAGGTCATTGGGTGG
MIR-432-star	miRNA	5'-phosphorylation	CTGGATGGCTCCTCCATGTCT
MIR-433-3P	miRNA	5'-phosphorylation	ATCATGATGGGCTCCTCGGTGT
MIR-433-5P	miRNA	5'-phosphorylation	TACGGTGAGCCTGTCATTATTC
MIR-434-3P	miRNA	5'-phosphorylation	TTTGAACCATCACTCGACTCCT
MIR-434-5P	miRNA	5'-phosphorylation	GCTCGACTCATGGTTTGAACCA
MIR-448	miRNA	5'-phosphorylation	TTGCATATGTAGGATGTCCCAT
MIR-449A	miRNA	5'-phosphorylation	TGGCAGTGTATTGTTAGCTGGT
MIR-449B-hsa	miRNA	5'-phosphorylation	AGGCAGTGTATTGTTAGCTGGC
MIR-449B-mmu	miRNA	5'-phosphorylation	AGGCAGTGTTGTTAGCTGGC
MIR-449B-rno	miRNA	5'-phosphorylation	AGGCAGTGTGTTGTTAGCTGGC
MIR-449C	miRNA	5'-phosphorylation	AGGCAGTGCATTGCTAGCTGG
MIR-450A-5P	miRNA	5'-phosphorylation	TTTTGCGATGTGTTCCTAATAT
MIR-450A-5P-rno	miRNA	5'-phosphorylation	TTTTGCGATGTGTTCCTAATGT
MIR-450B-3P	miRNA	5'-phosphorylation	ATTGGGAACATTTTGCATGCAT
MIR-450B-5P-hsa	miRNA	5'-phosphorylation	TTTTGCAATATGTTCCTGAATA
MIR-450B-5P-mmu	miRNA	5'-phosphorylation	TTTTGCAGTATGTTCCTGAATA
MIR-450B-5P-rno	miRNA	5'-phosphorylation	TTTTGCAGTATGTTCCTGTATA
MIR-451	miRNA	5'-phosphorylation	AAACCGTTACCATTACTGAGTT
MIR-452	miRNA	5'-phosphorylation	AACTGTTTGCAGAGGAAACTGA
MIR-452-star	miRNA	5'-phosphorylation	CTCATCTGCAAAGAAGTAAGTG
MIR-452-star-hsa	miRNA	5'-phosphorylation	TCAGTCTCATCTGCAAAGAAG
MIR-453-hsa	miRNA	5'-phosphorylation	AGGTTGTCCGTGGTGAGTTCGCA
MIR-453-mmu	miRNA	5'-phosphorylation	AGGTTGCCTCATAGTGAGCTTGCA
MIR-453-rno	miRNA	5'-phosphorylation	AGGTTGTCCATAGTGAGTTTGCA
MIR-454_1	miRNA	5'-phosphorylation	TAGTGCAATATTGCTTATAGGGT
MIR-454-star	miRNA	5'-phosphorylation	ACCCTATCAATATTGTCTCTGC
MIR-455-3P	miRNA	5'-phosphorylation	GCAGTCCACGGGCATATACAC
MIR-455-3P-hsa	miRNA	5'-phosphorylation	GCAGTCCATGGGCATATACAC
MIR-455-5P	miRNA	5'-phosphorylation	TATGTGCCTTTGGACTACATCG
MIR-463-mmu	miRNA	5'-phosphorylation	TGATAGACACCATATAAGGTAG
MIR-463-rno	miRNA	5'-phosphorylation	TGATAGACGCCAATTTGGGTAG
MIR-463-star	miRNA	5'-phosphorylation	TACCTAATTTGTTGTCCATCA
MIR-464	miRNA	5'-phosphorylation	TACCAAGTTTATTCTGTGAGATA
MIR-465-3P	miRNA	5'-phosphorylation	GATCAGTGCCTTTCTGAGTAGA
MIR-465-5P	miRNA	5'-phosphorylation	TATTTAGAACGGTGCTGGTGTGA
MIR-465A-5P	miRNA	5'-phosphorylation	TATTTAGAATGGCACTGATGTGA
MIR-465ABC	miRNA	5'-phosphorylation	GATCAGGGCCTTTCTAAGTAGA
MIR-465B-5P	miRNA	5'-phosphorylation	TATTTAGAATGGTGCTGATCTG
MIR-465C-5P	miRNA	5'-phosphorylation	TATTTAGAATGGCGCTGATCTG
MIR-465D	miRNA	5'-phosphorylation	TATTTAGAATGGTACTGATGTG
MIR-466A-5P	miRNA	5'-phosphorylation	TATGTGTGTGTACATGTACATA
MIR-466ABCE-3P	miRNA	5'-phosphorylation	TATACATACACGCACACATAAGA
MIR-466B-5P	miRNA	5'-phosphorylation	GATGTGTGTGTACATGTACATG
MIR-466B-5P-rno	miRNA	5'-phosphorylation	TATGTGTGTGTGTATGTCCATG
MIR-466C-5P-mmu	miRNA	5'-phosphorylation	GATGTGTGTGTGCATGTACATA
MIR-466C-5P-rno	miRNA	5'-phosphorylation	TGTGATGTGTGCATGTACATG
MIR-466D-5P	miRNA	5'-phosphorylation	TGTGTGTGCGTACATGTACATG
MIR-466E-5P	miRNA	5'-phosphorylation	GATGTGTGTGTACATGTACATA
MIR-466F-5P	miRNA	5'-phosphorylation	TACGTGTGTGTGCATGTGCATG
MIR-466G	miRNA	5'-phosphorylation	ATACAGACACATGCACACACA
MIR-466H	miRNA	5'-phosphorylation	TGTGTGCATGTGCTTGTGTGTA
MIR-467AB	miRNA	5'-phosphorylation	TAAGTGCCTGCATGTATATGCG
MIR-467A-star	miRNA	5'-phosphorylation	ATATACATACACACACCTACAC
MIR-467B-star	miRNA	5'-phosphorylation	ATATACATACACACACCAACAC
MIR-467C	miRNA	5'-phosphorylation	TAAGTGCGTGCATGTATATGTG
MIR-467D	miRNA	5'-phosphorylation	TAAGTGCGCGCATGTATATGCG
MIR-467E	miRNA	5'-phosphorylation	ATAAGTGTGAGCATGTATATGT
MIR-468	miRNA	5'-phosphorylation	TATGACTGATGTGCGTGTGTCTG
MIR-469	miRNA	5'-phosphorylation	TGCCTCTTTCATTGATCTTGGTGTCC
MIR-470	miRNA	5'-phosphorylation	TTCTTGGACTGGCACTGGTGAGT
MIR-471	miRNA	5'-phosphorylation	TACGTAGTATAGTGCTTTTCAC
MIR-483-3P	miRNA	5'-phosphorylation	TCACTCCTCCCCTCCCGTCTT
MIR-483-3P-hsa	miRNA	5'-phosphorylation	TCACTCCTCTCCTCCCGTCTT
MIR-483-5P	miRNA	5'-phosphorylation	AAGACGGGAGAAGAGAAGGGAG
MIR-483-5P-hsa	miRNA	5'-phosphorylation	AAGACGGGAGGAAAGAAGGGAG
MIR-484	miRNA	5'-phosphorylation	TCAGGCTCAGTCCCCTCCCGAT
MIR-485-3P	miRNA	5'-phosphorylation	GTCATACACGGCTCTCCTCTCT
MIR-485-3P-2	miRNA	5'-phosphorylation	GTCATACACGGCTCTCCTCT
MIR-485-5P	miRNA	5'-phosphorylation	AGAGGCTGGCCGTGATGAATTC
MIR-486-5P	miRNA	5'-phosphorylation	TCCTGTACTGAGCTGCCCCGAG
MIR-487A	miRNA	5'-phosphorylation	AATCATACAGGGACATCCAGTT
MIR-487B	miRNA	5'-phosphorylation	AATCGTACAGGGTCATCCACTT
MIR-488	miRNA	5'-phosphorylation	TTGAAAGGCTGTTTCTTGGTCT
MIR-488-hsa	miRNA	5'-phosphorylation	TTGAAAGGCTATTTCTTGGTCT
MIR-488-star	miRNA	5'-phosphorylation	CCCAGATAATGGCACTCTCAA
MIR-488-star-mmu	miRNA	5'-phosphorylation	CCCAGATAATAGCACTCTCAA
MIR-489-hsa	miRNA	5'-phosphorylation	GTGACATCACATATACGGCAGC
MIR-489-mmu	miRNA	5'-phosphorylation	AATGACACCACATATATGGCAGC
MIR-489-rno	miRNA	5'-phosphorylation	AATGACATCACATATATGGCAGC
MIR-490-3P	miRNA	5'-phosphorylation	CAACCTGGAGGACTCCATGCTG
MIR-490-5P	miRNA	5'-phosphorylation	CCATGGATCTCCAGGTGGGT
MIR-491-3P	miRNA	5'-phosphorylation	CTTATGCAAGATTCCCTTCTAC
MIR-491-5P	miRNA	5'-phosphorylation	AGTGGGGAACCCTTCCATGAGG
MIR-492	miRNA	5'-phosphorylation	AGGACCTGCGGGACAAGATTCTT
MIR-493	miRNA	5'-phosphorylation	TGAAGGTCTACTGTGTGCCAGG
MIR-493-mmu	miRNA	5'-phosphorylation	TGAAGGTCCTACTGTGTGCCAGG
MIR-493-star	miRNA	5'-phosphorylation	TTGTACATGGTAGGCTTTCATT
MIR-494	miRNA	5'-phosphorylation	TGAAACATACACGGGAAACCTC
MIR-495	miRNA	5'-phosphorylation	AAACAAACATGGTGCACTTCTT
MIR-496_1	miRNA	5'-phosphorylation	TGAGTATTACATGGCCAATCTCC
MIR-496_3	miRNA	5'-phosphorylation	TGAGTATTACATGGCCAATCTCT
MIR-497	miRNA	5'-phosphorylation	CAGCAGCACACTGTGGTTTGTA
MIR-497-2	miRNA	5'-phosphorylation	CAGCAGCACACTGTGGTTTGT
MIR-498	miRNA	5'-phosphorylation	TTTCAAGCCAGGGGGCGTTTTTC
MIR-499-5P	miRNA	5'-phosphorylation	TTAAGACTTGCAGTGATGTTT
MIR-500-3P	miRNA	5'-phosphorylation	AATGCACCTGGGCAAGGGTTCA
MIR-500-3P-hsa	miRNA	5'-phosphorylation	ATGCACCTGGGCAAGGATTCTG
MIR-500-5P	miRNA	5'-phosphorylation	TAATCCTTGCTACCTGGGTGAGA
MIR-501-3P	miRNA	5'-phosphorylation	AATGCACCCGGGCAAGGATTTG
MIR-501-3P-hsa	miRNA	5'-phosphorylation	AATGCACCCGGGCAAGGATTCT
MIR-501-5P	miRNA	5'-phosphorylation	AATCCTTTGTCCCTGGGTGAAA
MIR-501-5P-hsa	miRNA	5'-phosphorylation	AATCCTTTGTCCCTGGGTGAGA
MIR-502-3P	miRNA	5'-phosphorylation	AATGCACCTGGGCAAGGATTCA
MIR-502-5P	miRNA	5'-phosphorylation	ATCCTTGCTATCTGGGTGCTA
MIR-503	miRNA	5'-phosphorylation	TAGCAGCGGGAACAGTACTGCAG
MIR-503-hsa	miRNA	5'-phosphorylation	TAGCAGCGGGAACAGTTCTGCAG
MIR-504	miRNA	5'-phosphorylation	AGACCCTGGTCTGCACTCTATC
MIR-504-rno	miRNA	5'-phosphorylation	AGACCCTGGTCTGCACTCTGTC
MIR-505	miRNA	5'-phosphorylation	CGTCAACACTTGCTGGTTTCCT
MIR-505-mmu	miRNA	5'-phosphorylation	CGTCAACACTTGCTGGTTTTCT
MIR-506	miRNA	5'-phosphorylation	TAAGGCACCCTTCTGAGTAGA
MIR-507	miRNA	5'-phosphorylation	TTTTGCACCTTTTGGAGTGAA
MIR-508-3P	miRNA	5'-phosphorylation	TGATTGTAGCCTTTTGGAGTAGA
MIR-508-5P	miRNA	5'-phosphorylation	TACTCCAGAGGGCGTCACTCATG
MIR-509-3-5P	miRNA	5'-phosphorylation	TACTGCAGACGTGGCAATCATG
MIR-509-3P	miRNA	5'-phosphorylation	TGATTGGTACGTCTGTGGGTAG
MIR-509-3P-mmu	miRNA	5'-phosphorylation	TGATTGACATTTCTGTAATGG
MIR-509-3P-rno	miRNA	5'-phosphorylation	TGATTGACATGTCTGCAGTGG
MIR-509-5P-hsa	miRNA	5'-phosphorylation	TACTGCAGACAGTGGCAATCAA
MIR-509-5P-mmu	miRNA	5'-phosphorylation	TACTCCAGAATGTGGCAATCAT
MIR-509-5P-rno	miRNA	5'-phosphorylation	TACTCCAGAATATGGCAATCAT
MIR-510	miRNA	5'-phosphorylation	TACTCAGGAGAGTGGCAATCAC
MIR-511	miRNA	5'-phosphorylation	ATGCCTTTTGCTCTGCACTCA
MIR-511-hsa	miRNA	5'-phosphorylation	GTGTCTTTTGCTCTGCAGTCA
MIR-512-3P	miRNA	5'-phosphorylation	AAGTGCTGTCATAGCTGAGGTC
MIR-512-5P	miRNA	5'-phosphorylation	CACTCAGCCTTGAGGGCACTTTC
MIR-513A-3P	miRNA	5'-phosphorylation	TAAATTTCACCTTTCTGAGAAGG
MIR-513A-5P	miRNA	5'-phosphorylation	TTCACAGGGAGGTGTCAT
MIR-514	miRNA	5'-phosphorylation	ATTGACACTTCTGTGAGTAGA
MIR-515-3P	miRNA	5'-phosphorylation	GAGTGCCTTCTTTTGGAGCGTT
MIR-515-5P	miRNA	5'-phosphorylation	TTCTCCAAAAGAAAGCACTTTCTG
MIR-516A-3P	miRNA	5'-phosphorylation	TGCTTCCTTTCAGAGGGT
MIR-516A-5P	miRNA	5'-phosphorylation	TTCTCGAGGAAAGAAGCACTTTC
MIR-516B	miRNA	5'-phosphorylation	ATCTGGAGGTAAGAAGCACTTT
MIR-517A	miRNA	5'-phosphorylation	ATCGTGCATCCCTTTAGAGTGT
MIR-517C	miRNA	5'-phosphorylation	ATCGTGCATCCTTTTAGAGTGT
MIR-517-star	miRNA	5'-phosphorylation	CCTCTAGATGGAAGCACTGTCT
MIR-518A-3P	miRNA	5'-phosphorylation	GAAAGCGCTTCCCTTTGCTGGA
MIR-518A-5P	miRNA	5'-phosphorylation	CTGCAAAGGGAAGCCCTTTCA
MIR-518B	miRNA	5'-phosphorylation	CAAAGCGCTCCCCTTTAGAGGT
MIR-518C	miRNA	5'-phosphorylation	CAAAGCGCTTCTCTTTAGAGTGT
MIR-518C-star	miRNA	5'-phosphorylation	TCTCTGGAGGGAAGCACTTTCTG
MIR-518D-3P	miRNA	5'-phosphorylation	CAAAGCGCTTCCCTTTGGAGCG
MIR-518D-5P	miRNA	5'-phosphorylation	CTCTAGAGGGAAGCACTTTCTG
MIR-518E	miRNA	5'-phosphorylation	AAAGCGCTTCCCTTCAGAGTG
MIR-518E-star	miRNA	5'-phosphorylation	CTCTAGAGGGAAGCGCTTTCTG
MIR-518F	miRNA	5'-phosphorylation	GAAAGCGCTTCTCTTTAGAGG
MIR-519A	miRNA	5'-phosphorylation	AAAGTGCATCCTTTTAGAGTGT
MIR-519B-3P	miRNA	5'-phosphorylation	AAAGTGCATCCTTTTAGAGGTT
MIR-519C-3P	miRNA	5'-phosphorylation	AAAGTGCATCTTTTTAGAGGAT
MIR-519D	miRNA	5'-phosphorylation	CAAAGTGCCTCCCTTTAGAGTG
MIR-519E	miRNA	5'-phosphorylation	AAGTGCCTCCTTTTAGAGTGTT
MIR-519E-star	miRNA	5'-phosphorylation	TTCTCCAAAAGGGAGCACTTTC
MIR-520A-3P	miRNA	5'-phosphorylation	AAAGTGCTTCCCTTTGGACTGT
MIR-520A-5P	miRNA	5'-phosphorylation	CTCCAGAGGGAAGTACTTTCT
MIR-520C-3P	miRNA	5'-phosphorylation	AAAGTGCTTCCTTTTAGAGGGT
MIR-520D-3P	miRNA	5'-phosphorylation	AAAGTGCTTCTCTTTGGTGGGT
MIR-520D-5P	miRNA	5'-phosphorylation	CTACAAAGGGAAGCCCTTTC
MIR-520E	miRNA	5'-phosphorylation	AAAGTGCTTCCTTTTTGAGGGT
MIR-520G	miRNA	5'-phosphorylation	ACAAAGTGCTTCCCTTTAGAGTGT
MIR-520H	miRNA	5'-phosphorylation	AAAGTGCTTCCCTTTAGAGTTA
MIR-521	miRNA	5'-phosphorylation	AACGCACTTCCCTTTAGAGTGT
MIR-522	miRNA	5'-phosphorylation	AAAATGGTTCCCTTTAGAGTGT
MIR-523	miRNA	5'-phosphorylation	GAACGCGCTTCCCTATAGAGGGT
MIR-524-3P	miRNA	5'-phosphorylation	GAAGGCGCTTCCCTTTGGAGT
MIR-524-5P	miRNA	5'-phosphorylation	CTACAAAGGGAAGCACTTTCTC
MIR-525-3P	miRNA	5'-phosphorylation	GAAGGCGCTTCCCTTTAGAGCG
MIR-525-5P	miRNA	5'-phosphorylation	CTCCAGAGGGATGCACTTTCT
MIR-526B	miRNA	5'-phosphorylation	CTCTTGAGGGAAGCACTTTCTGT
MIR-526B-star	miRNA	5'-phosphorylation	GAAAGTGCTTCCTTTTAGAGGC
MIR-532-3P	miRNA	5'-phosphorylation	CCTCCCACACCCAAGGCTTGCA
MIR-532-5P	miRNA	5'-phosphorylation	CATGCCTTGAGTGTAGGACCGT
MIR-532-5P-rno	miRNA	5'-phosphorylation	CATGCCTTGAGTGTAGGACTGT
MIR-539	miRNA	5'-phosphorylation	GGAGAAATTATCCTTGGTGTGT
MIR-540-3P	miRNA	5'-phosphorylation	AGGTCAGAGGTCGATCCTGG
MIR-540-5P	miRNA	5'-phosphorylation	CAAGGGTCACCCTCTGACTCTGT
MIR-541-5P	miRNA	5'-phosphorylation	AAGGGATTCTGATGTTGGTCACACT
MIR-541-5P-hsa	miRNA	5'-phosphorylation	AAAGGATTCTGCTGTCGGTCCCACT
MIR-542-3P	miRNA	5'-phosphorylation	TGTGACAGATTGATAACTGAAA
MIR-542-5P	miRNA	5'-phosphorylation	TCGGGGATCATCATGTCACGAGA
MIR-542-5P-2	miRNA	5'-phosphorylation	CTCGGGGATCATCATGTCACGA
MIR-543-3P	miRNA	5'-phosphorylation	AAACATTCGCGGTGCACTTCTT
MIR-544	miRNA	5'-phosphorylation	ATTCTGCATTTTTAGCAAGCTC
MIR-544-hsa	miRNA	5'-phosphorylation	ATTCTGCATTTTTAGCAAGTTC
MIR-545	miRNA	5'-phosphorylation	TCAGCAAACATTTATTGTGTGC
MIR-546	miRNA	5'-phosphorylation	ATGGTGGCACGGAGTC
MIR-547-mmu	miRNA	5'-phosphorylation	CTTGGTACATCTTTGAGTGAGT
MIR-547-rno	miRNA	5'-phosphorylation	ATTGGTACTTCTTTAAGTGAGA
MIR-548A-3P	miRNA	5'-phosphorylation	CAAAACTGGCAATTACTTTTGC
MIR-548B-3P	miRNA	5'-phosphorylation	CAAGAACCTCAGTTGCTTTTGT
MIR-548C-3P	miRNA	5'-phosphorylation	CAAAAATCTCAATTACTTTTGC
MIR-548C-5P	miRNA	5'-phosphorylation	AAAAGTAATTGCGGTTTTTGCC
MIR-548D-3P	miRNA	5'-phosphorylation	CAAAAACCACAGTTTCTTTTGC
MIR-549	miRNA	5'-phosphorylation	TGACAACTATGGATGAGCTCT
MIR-550	miRNA	5'-phosphorylation	AGTGCCTGAGGGAGTAAGAGCCC
MIR-550-star	miRNA	5'-phosphorylation	TGTCTTACTCCCTCAGGCACAT
MIR-551A	miRNA	5'-phosphorylation	GCGACCCACTCTTGGTTTCCA
MIR-551B	miRNA	5'-phosphorylation	GCGACCCATACTTGGTTTCAG
MIR-552	miRNA	5'-phosphorylation	AACAGGTGACTGGTTAGACAA
MIR-553	miRNA	5'-phosphorylation	AAAACGGTGAGATTTTGTTTT
MIR-554	miRNA	5'-phosphorylation	GCTAGTCCTGACTCAGCCAGT
MIR-555	miRNA	5'-phosphorylation	AGGGTAAGCTGAACCTCTGAT
MIR-556-5P	miRNA	5'-phosphorylation	GATGAGCTCATTGTAATATGAG
MIR-557	miRNA	5'-phosphorylation	GTTTGCACGGGTGGGCCTTGTCT
MIR-558	miRNA	5'-phosphorylation	TGAGCTGCTGTACCAAAAT
MIR-559	miRNA	5'-phosphorylation	TAAAGTAAATATGCACCAAAA
MIR-560	miRNA	5'-phosphorylation	GCGTGCGCCGGCCGGCCGCC
MIR-561	miRNA	5'-phosphorylation	CAAAGTTTAAGATCCTTGAAGT
MIR-562	miRNA	5'-phosphorylation	AAAGTAGCTGTACCATTTGC
MIR-563	miRNA	5'-phosphorylation	AGGTTGACATACGTTTCCC
MIR-564	miRNA	5'-phosphorylation	AGGCACGGTGTCAGCAGGC
MIR-565	miRNA	5'-phosphorylation	GGCTGGCTCGCGATGTCTGTTT
MIR-566	miRNA	5'-phosphorylation	GGGCGCCTGTGATCCCAAC
MIR-567	miRNA	5'-phosphorylation	AGTATGTTCTTCCAGGACAGAAC
MIR-568	miRNA	5'-phosphorylation	ATGTATAAATGTATACACAC
MIR-569	miRNA	5'-phosphorylation	AGTTAATGAATCCTGGAAAGT
MIR-570	miRNA	5'-phosphorylation	CGAAAACAGCAATTACCTTTGC
MIR-571	miRNA	5'-phosphorylation	TGAGTTGGCCATCTGAGTGAG
MIR-572	miRNA	5'-phosphorylation	GTCCGCTCGGCGGTGGCCCA
MIR-573	miRNA	5'-phosphorylation	CTGAAGTGATGTGTAACTGATCAG
MIR-574-3P	miRNA	5'-phosphorylation	CACGCTCATGCACACACCCACA
MIR-574-5P	miRNA	5'-phosphorylation	TGAGTGTGTGTGTGTGAGTGTGT
MIR-575	miRNA	5'-phosphorylation	GAGCCAGTTGGACAGGAGC
MIR-576-3P	miRNA	5'-phosphorylation	AAGATGTGGAAAAATTGGAATC
MIR-576-5P	miRNA	5'-phosphorylation	ATTCTAATTTCTCCACGTCTTTG
MIR-577	miRNA	5'-phosphorylation	TAGATAAAATATTGGTACCTG
MIR-578	miRNA	5'-phosphorylation	CTTCTTGTGCTCTAGGATTGT
MIR-579	miRNA	5'-phosphorylation	TTCATTTGGTATAAACCGCGATT
MIR-580	miRNA	5'-phosphorylation	TTGAGAATGATGAATCATTAGG
MIR-581	miRNA	5'-phosphorylation	TCTTGTGTTCTCTAGATCAGT
MIR-582-3P	miRNA	5'-phosphorylation	CCTGTTGAACAACTGAACCCAA
MIR-582-3P-hsa	miRNA	5'-phosphorylation	TAACTGGTTGAACAACTGAACC
MIR-582-5P	miRNA	5'-phosphorylation	TTACAGTTGTTCAACCAGTTACT
MIR-582-5P-2	miRNA	5'-phosphorylation	TACAGTTGTTCAACCAGTTACT
MIR-583	miRNA	5'-phosphorylation	CAAAGAGGAAGGTCCCATTAC
MIR-584	miRNA	5'-phosphorylation	TTATGGTTTGCCTGGGACTGAG
MIR-585	miRNA	5'-phosphorylation	TGGGCGTATCTGTATGCTA
MIR-586	miRNA	5'-phosphorylation	TATGCATTGTATTTTTAGGTCC
MIR-587	miRNA	5'-phosphorylation	TTTCCATAGGTGATGAGTCAC
MIR-588	miRNA	5'-phosphorylation	TTGGCCACAATGGGTTAGAAC
MIR-589-star	miRNA	5'-phosphorylation	TCAGAACAAATGCCGGTTCCCAGA
MIR-590-3P	miRNA	5'-phosphorylation	TAATTTTATGTATAAGCTAGT
MIR-590-3P-rno	miRNA	5'-phosphorylation	TAATTTTATGTATGAGCTGGT
MIR-590-5P	miRNA	5'-phosphorylation	GAGCTTATTCATAAAAGTGCAG
MIR-590-5P-rno	miRNA	5'-phosphorylation	GAACTTGCTCATAAAAGTACAG
MIR-591	miRNA	5'-phosphorylation	AGACCATGGGTTCTCATTGT
MIR-592	miRNA	5'-phosphorylation	TTGTGTCAATATGCGATGATGT
MIR-593-star	miRNA	5'-phosphorylation	AGGCACCAGCCAGGCATTGCTCAGC
MIR-594	miRNA	5'-phosphorylation	CCCATCTGGGGTGGCCTGTGACTTT
MIR-595	miRNA	5'-phosphorylation	GAAGTGTGCCGTGGTGTGTCT
MIR-596	miRNA	5'-phosphorylation	AAGCCTGCCCGGCTCCTCGGG
MIR-597	miRNA	5'-phosphorylation	TGTGTCACTCGATGACCACTGT
MIR-598-3P	miRNA	5'-phosphorylation	TACGTCATCGTCGTCATCGTTA
MIR-598-3P-hsa	miRNA	5'-phosphorylation	TACGTCATCGTTGTCATCGTCA
MIR-599	miRNA	5'-phosphorylation	GTTGTGTCAGTTTATCAAAC
MIR-600	miRNA	5'-phosphorylation	ACTTACAGACAAGAGCCTTGCTC
MIR-601	miRNA	5'-phosphorylation	TGGTCTAGGATTGTTGGAGGAG
MIR-602	miRNA	5'-phosphorylation	GACACGGGCGACAGCTGCGGCCC
MIR-603	miRNA	5'-phosphorylation	CACACACTGCAATTACTTTTGC
MIR-604	miRNA	5'-phosphorylation	AGGCTGCGGAATTCAGGAC
MIR-605	miRNA	5'-phosphorylation	TAAATCCCATGGTGCCTTCTCCT
MIR-606	miRNA	5'-phosphorylation	AAACTACTGAAAATCAAAGAT
MIR-607	miRNA	5'-phosphorylation	GTTCAAATCCAGATCTATAAC
MIR-608	miRNA	5'-phosphorylation	AGGGGTGGTGTTGGGACAGCTCCGT
MIR-609	miRNA	5'-phosphorylation	AGGGTGTTTCTCTCATCTCT
MIR-610	miRNA	5'-phosphorylation	TGAGCTAAATGTGTGCTGGGA
MIR-611	miRNA	5'-phosphorylation	GCGAGGACCCCTCGGGGTCTGAC
MIR-612	miRNA	5'-phosphorylation	GCTGGGCAGGGCTTCTGAGCTCCTT
MIR-613	miRNA	5'-phosphorylation	AGGAATGTTCCTTCTTTGCC
MIR-614	miRNA	5'-phosphorylation	GAACGCCTGTTCTTGCCAGGTGG
MIR-615-3P	miRNA	5'-phosphorylation	TCCGAGCCTGGGTCTCCCTCTT
MIR-615-5P	miRNA	5'-phosphorylation	GGGGGTCCCCGGTGCTCGGATC
MIR-616-star	miRNA	5'-phosphorylation	ACTCAAAACCCTTCAGTGACTT
MIR-617	miRNA	5'-phosphorylation	AGACTTCCCATTTGAAGGTGGC
MIR-618	miRNA	5'-phosphorylation	AAACTCTACTTGTCCTTCTGAGT
MIR-619	miRNA	5'-phosphorylation	GACCTGGACATGTTTGTGCCCAGT
MIR-620	miRNA	5'-phosphorylation	ATGGAGATAGATATAGAAAT
MIR-621	miRNA	5'-phosphorylation	GGCTAGCAACAGCGCTTACCT
MIR-622	miRNA	5'-phosphorylation	ACAGTCTGCTGAGGTTGGAGC
MIR-623	miRNA	5'-phosphorylation	ATCCCTTGCAGGGGCTGTTGGGT
MIR-624	miRNA	5'-phosphorylation	CACAAGGTATTGGTATTACCT
MIR-624-star	miRNA	5'-phosphorylation	TAGTACCAGTACCTTGTGTTCA
MIR-625	miRNA	5'-phosphorylation	AGGGGGAAAGTTCTATAGTCC
MIR-626	miRNA	5'-phosphorylation	AGCTGTCTGAAAATGTCTT
MIR-627	miRNA	5'-phosphorylation	GTGAGTCTCTAAGAAAAGAGGA
MIR-628-3P	miRNA	5'-phosphorylation	TCTAGTAAGAGTGGCAGTCGA
MIR-629	miRNA	5'-phosphorylation	TGGGTTTACGTTGGGAGAACT
MIR-629-star	miRNA	5'-phosphorylation	GTTCTCCCAACGTAAGCCCAGC
MIR-630	miRNA	5'-phosphorylation	AGTATTCTGTACCAGGGAAGGT
MIR-631	miRNA	5'-phosphorylation	AGACCTGGCCCAGACCTCAGC
MIR-632	miRNA	5'-phosphorylation	GTGTCTGCTTCCTGTGGGA
MIR-633	miRNA	5'-phosphorylation	CTAATAGTATCTACCACAATAAA
MIR-634	miRNA	5'-phosphorylation	AACCAGCACCCCAACTTTGGAC
MIR-635	miRNA	5'-phosphorylation	ACTTGGGCACTGAAACAATGTCC
MIR-636	miRNA	5'-phosphorylation	TGTGCTTGCTCGTCCCGCCCGCA
MIR-637	miRNA	5'-phosphorylation	ACTGGGGGCTTTCGGGCTCTGCGT
MIR-638	miRNA	5'-phosphorylation	AGGGATCGCGGGCGGGTGGCGGCCT
MIR-639	miRNA	5'-phosphorylation	ATCGCTGCGGTTGCGAGCGCTGT
MIR-640	miRNA	5'-phosphorylation	ATGATCCAGGAACCTGCCTCT
MIR-641	miRNA	5'-phosphorylation	AAAGACATAGGATAGAGTCACCTC
MIR-642	miRNA	5'-phosphorylation	GTCCCTCTCCAAATGTGTCTTG
MIR-643	miRNA	5'-phosphorylation	ACTTGTATGCTAGCTCAGGTAG
MIR-644	miRNA	5'-phosphorylation	AGTGTGGCTTTCTTAGAGC
MIR-645	miRNA	5'-phosphorylation	TCTAGGCTGGTACTGCTGA
MIR-646	miRNA	5'-phosphorylation	AAGCAGCTGCCTCTGAGGC
MIR-647	miRNA	5'-phosphorylation	GTGGCTGCACTCACTTCCTTC
MIR-648	miRNA	5'-phosphorylation	AAGTGTGCAGGGCACTGGT
MIR-649	miRNA	5'-phosphorylation	AAACCTGTGTTGTTCAAGAGTC
MIR-650	miRNA	5'-phosphorylation	AGGAGGCAGCGCTCTCAGGAC
MIR-651	miRNA	5'-phosphorylation	TTTAGGATAAGCTTGACTTTTG
MIR-652	miRNA	5'-phosphorylation	AATGGCGCCACTAGGGTTGTGT
MIR-653	miRNA	5'-phosphorylation	GTGTTGAAACAATCTCTACTG
MIR-653-rno	miRNA	5'-phosphorylation	GTGTTGAAACATTCTCTACTG
MIR-654-3P	miRNA	5'-phosphorylation	TATGTCTGCTGACCATCACCTT
MIR-654-3P-rno	miRNA	5'-phosphorylation	TATGTCTGCTGACCGTCACCTT
MIR-654-5P-hsa	miRNA	5'-phosphorylation	TGGTGGGCCGCAGAACATGTGC
MIR-654-5P-mmu	miRNA	5'-phosphorylation	TGGTAAGCTGCAGAACATGTGT
MIR-654-5P-rno	miRNA	5'-phosphorylation	TGGTGAACTGCAGAACATGTGT
MIR-655	miRNA	5'-phosphorylation	ATAATACATGGTTAACCTCTTT
MIR-656	miRNA	5'-phosphorylation	AATATTATACAGTCAACCTCT
MIR-657	miRNA	5'-phosphorylation	GGCAGGTTCTCACCCTCTCTAGG
MIR-658	miRNA	5'-phosphorylation	GGCGGAGGGAAGTAGGTCCGTTGGT
MIR-659	miRNA	5'-phosphorylation	CTTGGTTCAGGGAGGGTCCCCA
MIR-660	miRNA	5'-phosphorylation	TACCCATTGCATATCGGAGTTG
MIR-661	miRNA	5'-phosphorylation	TGCCTGGGTCTCTGGCCTGCGCGT
MIR-662	miRNA	5'-phosphorylation	TCCCACGTTGTGGCCCAGCAG
MIR-663	miRNA	5'-phosphorylation	AGGCGGGGCGCCGCGGGACCGC
MIR-664-3P	miRNA	5'-phosphorylation	TATTCATTTACTCCCCAGCCTA
MIR-665	miRNA	5'-phosphorylation	ACCAGGAGGCTGAGGTCCCT
MIR-665-hsa	miRNA	5'-phosphorylation	ACCAGGAGGCTGAGGCCCCT
MIR-666-3P	miRNA	5'-phosphorylation	GGCTGCAGCGTGATCGCCTGCT
MIR-666-5P	miRNA	5'-phosphorylation	AGCGGGCACAGCTGTGAGAGCC
MIR-667	miRNA	5'-phosphorylation	TGACACCTGCCACCCAGCCCAAG
MIR-668	miRNA	5'-phosphorylation	TGTCACTCGGCTCGGCCCACTACC
MIR-669A	miRNA	5'-phosphorylation	AGTTGTGTGTGCATGTTCATGT
MIR-669B	miRNA	5'-phosphorylation	AGTTTTGTGTGCATGTGCATGT
MIR-669C	miRNA	5'-phosphorylation	ATAGTTGTGTGTGGATGTGTGT
MIR-670	miRNA	5'-phosphorylation	ATCCCTGAGTGTATGTGGTGAA
MIR-671-3P	miRNA	5'-phosphorylation	TCCGGTTCTCAGGGCTCCACC
MIR-671-5P	miRNA	5'-phosphorylation	AGGAAGCCCTGGAGGGGCTGGAG
MIR-672	miRNA	5'-phosphorylation	TGAGGTTGGTGTACTGTGTGTGA
MIR-673-3P	miRNA	5'-phosphorylation	TCCGGGGCTGAGTTCTGTGCACC
MIR-673-3P-rno	miRNA	5'-phosphorylation	TCCGGGACTGAGTTCTGTGCACC
MIR-673-5P-mmu	miRNA	5'-phosphorylation	CTCACAGCTCTGGTCCTTGGAG
MIR-673-5P-rno	miRNA	5'-phosphorylation	CTCACAGCTCCGGTCCTTGGAG
MIR-674	miRNA	5'-phosphorylation	GCACTGAGATGGGAGTGGTGTA
MIR-674-star	miRNA	5'-phosphorylation	CACAGCTCCCATCTCAGAACAA
MIR-675	miRNA	5'-phosphorylation	TGGTGCGGAGAGGGCCCACAGTG
MIR-675-3P	miRNA	5'-phosphorylation	CTGTATGCCCTAACCGCTCAGT
MIR-675-5P	miRNA	5'-phosphorylation	TGGTGCGGAAAGGGCCCACAGT
MIR-676	miRNA	5'-phosphorylation	CCGTCCTGAGGTTGTTGAGCT
MIR-676-star	miRNA	5'-phosphorylation	ACTCTACAACCTTAGGACTTGC
MIR-677	miRNA	5'-phosphorylation	TTCAGTGATGATTAGCTTCTGA
MIR-678	miRNA	5'-phosphorylation	GTCTCGGTGCAAGGACTGGAGG
MIR-679	miRNA	5'-phosphorylation	GGACTGTGAGGTGACTCTTGGT
MIR-680	miRNA	5'-phosphorylation	GGGCATCTGCTGACATGGGGG
MIR-681	miRNA	5'-phosphorylation	CAGCCTCGCTGGCAGGCAGCT
MIR-682	miRNA	5'-phosphorylation	CTGCAGTCACAGTGAAGTCTG
MIR-683	miRNA	5'-phosphorylation	CCTGCTGTAAGCTGTGTCCTC
MIR-684	miRNA	5'-phosphorylation	AGTTTTCCCTTCAAGTCAA
MIR-685	miRNA	5'-phosphorylation	TCAATGGCTGAGGTGAGGCAC
MIR-686	miRNA	5'-phosphorylation	ATTGCTTCCCAGACGGTGAAGA
MIR-687	miRNA	5'-phosphorylation	CTATCCTGGAATGCAGCAATGA
MIR-688	miRNA	5'-phosphorylation	TCGCAGGCGACTACTTATTC
MIR-689	miRNA	5'-phosphorylation	CGTCCCCGCTCGGCGGGGTCC
MIR-690	miRNA	5'-phosphorylation	AAAGGCTAGGCTCACAACCAAA
MIR-691	miRNA	5'-phosphorylation	ATTCCTGAAGAGAGGCAGAAAA
MIR-692	miRNA	5'-phosphorylation	ATCTCTTTGAGCGCCTCACTC
MIR-693-3P	miRNA	5'-phosphorylation	GCAGCTTTCAGATGTGGCTGTAA
MIR-693-5P	miRNA	5'-phosphorylation	CAGCCACATCCGAAAGTTTTC
MIR-694	miRNA	5'-phosphorylation	CTGAAAATGTTGCCTGAAG
MIR-695	miRNA	5'-phosphorylation	AGATTGGGCATAGGTGACTGAA
MIR-696	miRNA	5'-phosphorylation	GCGTGTGCTTGCTGTGGG
MIR-697	miRNA	5'-phosphorylation	AACATCCTGGTCCTGTGGAGA
MIR-698	miRNA	5'-phosphorylation	CATTCTCGTTTCCTTCCCT
MIR-699	miRNA	5'-phosphorylation	AGGCAGTGCGACCTGGCTCG
MIR-7	miRNA	5'-phosphorylation	TGGAAGACTAGTGATTTTGTTGT
MIR-700	miRNA	5'-phosphorylation	CACGCGGGAACCGAGTCCACC
MIR-701	miRNA	5'-phosphorylation	TTAGCCGCTGAAATAGATGGA
MIR-702	miRNA	5'-phosphorylation	TGCCCACCCTTTACCCCGCTC
MIR-703	miRNA	5'-phosphorylation	AAAACCTTCAGAAGGAAAGAA
MIR-704	miRNA	5'-phosphorylation	AGACATGTGCTCTGCTCCTAG
MIR-705	miRNA	5'-phosphorylation	GGTGGGAGGTGGGGTGGGCA
MIR-706	miRNA	5'-phosphorylation	AGAGAAACCCTGTCTCAAAAAA
MIR-707	miRNA	5'-phosphorylation	CAGTCATGCCGCTTGCCTACG
MIR-708	miRNA	5'-phosphorylation	AAGGAGCTTACAATCTAGCTGGG
MIR-708-star	miRNA	5'-phosphorylation	CAACTAGACTGTGAGCTTCTAG
MIR-709	miRNA	5'-phosphorylation	GGAGGCAGAGGCAGGAGGA
MIR-710	miRNA	5'-phosphorylation	CCAAGTCTTGGGGAGAGTTGAG
MIR-711	miRNA	5'-phosphorylation	GGGACCCGGGGAGAGATGTAAG
MIR-712	miRNA	5'-phosphorylation	CTCCTTCACCCGGGCGGTACC
MIR-712-star	miRNA	5'-phosphorylation	TGCGAGTCACCCCCGGGTGTTG
MIR-713	miRNA	5'-phosphorylation	TGCACTGAAGGCACACAGC
MIR-714	miRNA	5'-phosphorylation	CGACGAGGGCCGGTCGGTCGC
MIR-715	miRNA	5'-phosphorylation	CTCCGTGCACACCCCCGCGTG
MIR-717	miRNA	5'-phosphorylation	CTCAGACAGAGATACCTTCTCT
MIR-718	miRNA	5'-phosphorylation	CTTCCGCCCGGCCGGGTGTCG
MIR-719	miRNA	5'-phosphorylation	ATCTCGGCTACAGAAAAATGTT
MIR-720	miRNA	5'-phosphorylation	ATCTCGCTGGGGCCTCCA
MIR-721	miRNA	5'-phosphorylation	CAGTGCAATTAAAAGGGGGAA
MIR-741-3P	miRNA	5'-phosphorylation	TGAGAGATGCCATTCTATGTAGA
MIR-741-3P-rno	miRNA	5'-phosphorylation	TGAAAGATGCCACGCTATGTAGA
MIR-742-mmu	miRNA	5'-phosphorylation	GAAAGCCACCATGCTGGGTAAA
MIR-742-rno	miRNA	5'-phosphorylation	GAAAGCCACCATGTTGGGTAAA
MIR-742-star	miRNA	5'-phosphorylation	TACTCACATGGTTGCTAATCA
MIR-743A-mmu	miRNA	5'-phosphorylation	GAAAGACACCAAGCTGAGTAGA
MIR-743A-rno	miRNA	5'-phosphorylation	GAAAGACGCCAAACTGGGTAGA
MIR-743B-3P-mmu	miRNA	5'-phosphorylation	GAAAGACATCATGCTGAATAGA
MIR-743B-3P-rno	miRNA	5'-phosphorylation	GAAAGACACCATACTGAATAGA
MIR-743B-5P	miRNA	5'-phosphorylation	TGTTCAGACTGGTGTCCATCA
MIR-744	miRNA	5'-phosphorylation	TGCGGGGCTAGGGCTAACAGCA
MIR-758	miRNA	5'-phosphorylation	TTTGTGACCTGGTCCACTAACC
MIR-759	miRNA	5'-phosphorylation	GCAGAGTGCAAACAATTTTGAC
MIR-760-3P	miRNA	5'-phosphorylation	CGGCTCTGGGTCTGTGGGGA
MIR-761	miRNA	5'-phosphorylation	GCAGCAGGGTGAAACTGACACA
MIR-762	miRNA	5'-phosphorylation	GGGGCTGGGGCCGGGACAGAGC
MIR-763	miRNA	5'-phosphorylation	CCAGCTGGGAAGAACCAGTGGC
MIR-764-3P	miRNA	5'-phosphorylation	AGGAGGCCATAGTGGCAACTGT
MIR-764-5P	miRNA	5'-phosphorylation	GGTGCTCACATGTCCTCCT
MIR-765	miRNA	5'-phosphorylation	TGGAGGAGAAGGAAGGTGATG
MIR-766	miRNA	5'-phosphorylation	ACTCCAGCCCCACAGCCTCAGC
MIR-767-3P	miRNA	5'-phosphorylation	TCTGCTCATACCCCATGGTTTCT
MIR-767-5P	miRNA	5'-phosphorylation	TGCACCATGGTTGTCTGAGCATG
MIR-768-3P	miRNA	5'-phosphorylation	TCACAATGCTGACACTCAAACTGCTGAC
MIR-768-5P	miRNA	5'-phosphorylation	GTTGGAGGATGAAAGTACGGAGTGAT
MIR-769-3P	miRNA	5'-phosphorylation	CTGGGATCTCCGGGGTCTTGGTT
MIR-769-5P	miRNA	5'-phosphorylation	TGAGACCTCTGGGTTCTGAGCT
MIR-770-3P	miRNA	5'-phosphorylation	CGTGGGCCTGACGTGGAGCTGG
MIR-770-3P-hsa	miRNA	5'-phosphorylation	CGTGGGCCTGATGTGGTGCTGG
MIR-770-5P	miRNA	5'-phosphorylation	AGCACCACGTGTCTGGGCCACG
MIR-770-5P-hsa	miRNA	5'-phosphorylation	AGTACCACGTGTCAGGGCCACA
MIR-7B	miRNA	5'-phosphorylation	TGGAAGACTTGTGATTTTGTTGT
MIR-7-star	miRNA	5'-phosphorylation	CAACAAATCACAGTCTGCCATA
MIR-801	miRNA	5'-phosphorylation	GATTGCTCTGCGTGCGGAATCGAC
MIR-801-mmu	miRNA	5'-phosphorylation	GATTGCTGTGCGTGCGGAATCGAC
MIR-802	miRNA	5'-phosphorylation	TCAGTAACAAAGATTCATCCTT
MIR-804	miRNA	5'-phosphorylation	TGTGAGTTGTTCCTCACCTGGA
MIR-805	miRNA	5'-phosphorylation	GAATTGATCAGGACATAGGG
MIR-871-mmu	miRNA	5'-phosphorylation	TATTCAGATTAGTGCCAGTCATG
MIR-871-rno	miRNA	5'-phosphorylation	TATTCAGATTGGTGCCGGTCACA
MIR-872	miRNA	5'-phosphorylation	AAGGTTACTTGTTAGTTCAGG
MIR-873	miRNA	5'-phosphorylation	GCAGGAACTTGTGAGTCTCCT
MIR-874	miRNA	5'-phosphorylation	CTGCCCTGGCCCGAGGGACCGA
MIR-875-3P-hsa	miRNA	5'-phosphorylation	CCTGGAAACACTGAGGTTGTG
MIR-875-3P-mmu	miRNA	5'-phosphorylation	CCTGAAAATACTGAGGCTATG
MIR-875-3P-rno	miRNA	5'-phosphorylation	CCTGAAAACACTGAGGCTGCG
MIR-875-5P	miRNA	5'-phosphorylation	TATACCTCAGTTTTATCAGGTG
MIR-876-3P-hsa	miRNA	5'-phosphorylation	TGGTGGTTTACAAAGTAATTCA
MIR-876-3P-mmu	miRNA	5'-phosphorylation	TAGTGGTTTACAAAGTAATTCA
MIR-876-3P-rno	miRNA	5'-phosphorylation	TGGTGGTTTGCAAAGTAATTCA
MIR-876-5P-hsa	miRNA	5'-phosphorylation	TGGATTTCTTTGTGAATCACCA
MIR-876-5P-mmu	miRNA	5'-phosphorylation	TGGATTTCTCTGTGAATCACTA
MIR-876-5P-rno	miRNA	5'-phosphorylation	TGGATTTCTCTGTGAATCACCA
MIR-877	miRNA	5'-phosphorylation	GTAGAGGAGATGGCGCAGGG
MIR-878-3P-mmu	miRNA	5'-phosphorylation	GCATGACACCACACTGGGTAGA
MIR-878-3P-rno	miRNA	5'-phosphorylation	GCATGACACCATACTGGGTAGA
MIR-878-5P-mmu	miRNA	5'-phosphorylation	TATCTAGTTGGATGTCAAGACA
MIR-878-5P-rno	miRNA	5'-phosphorylation	TATCTAGTTGGCTGTCAGTCA
MIR-879	miRNA	5'-phosphorylation	AGAGGCTTATAGCTCTAAGCC
MIR-880-mmu	miRNA	5'-phosphorylation	TACTCCATCCTCTCTGAGTAGA
MIR-880-rno	miRNA	5'-phosphorylation	TACTCCATTCATTCTGAGTAGA
MIR-881-mmu	miRNA	5'-phosphorylation	AACTGTGTCTTTTCTGAATAGA
MIR-881-rno	miRNA	5'-phosphorylation	AACTGTGGCATTTCTGAATAGA
MIR-882	miRNA	5'-phosphorylation	AGGAGAGAGTTAGCGCATTAGT
MIR-882A	miRNA	5'-phosphorylation	ATGGGAATGTTAGAGCATTAGC
MIR-882B	miRNA	5'-phosphorylation	ATGGCAATGTTAGAGCATTAGC
MIR-883A-3P-hsa	miRNA	5'-phosphorylation	TAACTGCAACAGCTCTCAGTAT
MIR-883B-3P	miRNA	5'-phosphorylation	TAACTGCAACATCTCTCAGTAT
MIR-883B-5P	miRNA	5'-phosphorylation	TACTGAGAATGGGTAGCAGTCA
MIR-885-3P	miRNA	5'-phosphorylation	AGGCAGCGGGGTGTAGTGGATA
MIR-885-5P	miRNA	5'-phosphorylation	TCCATTACACTACCCTGCCTCT
MIR-886-3P	miRNA	5'-phosphorylation	CGCGGGTGCTTACTGACCCTT
MIR-886-5P	miRNA	5'-phosphorylation	CGGGTCGGAGTTAGCTCAAGCGG
MIR-887	miRNA	5'-phosphorylation	GTGAACGGGCGCCATCCCGAGG
MIR-888	miRNA	5'-phosphorylation	TACTCAAAAAGCTGTCAGTCA
MIR-888-star	miRNA	5'-phosphorylation	GACTGACACCTCTTTGGGTGAA
MIR-889	miRNA	5'-phosphorylation	TTAATATCGGACAACCATTGT
MIR-890	miRNA	5'-phosphorylation	TACTTGGAAAGGCATCAGTTG
MIR-891A	miRNA	5'-phosphorylation	TGCAACGAACCTGAGCCACTGA
MIR-891B	miRNA	5'-phosphorylation	TGCAACTTACCTGAGTCATTGA
MIR-892A	miRNA	5'-phosphorylation	CACTGTGTCCTTTCTGCGTAG
MIR-892B	miRNA	5'-phosphorylation	CACTGGCTCCTTTCTGGGTAGA
MIR-9	miRNA	5'-phosphorylation	TCTTTGGTTATCTAGCTGTATGA
MIR-92A	miRNA	5'-phosphorylation	TATTGCACTTGTCCCGGCCTGT
MIR-92B	miRNA	5'-phosphorylation	TATTGCACTCGTCCCGGCCTCC
MIR-93	miRNA	5'-phosphorylation	CAAAGTGCTGTTCGTGCAGGTAG
MIR-95	miRNA	5'-phosphorylation	TTCAACGGGTATTTATTGAGCA
MIR-96	miRNA	5'-phosphorylation	TTTGGCACTAGCACATTTTTGCT
MIR-98	miRNA	5'-phosphorylation	TGAGGTAGTAAGTTGTATTGTT
MIR-99A	miRNA	5'-phosphorylation	AACCCGTAGATCCGATCTTGTG
MIR-99B	miRNA	5'-phosphorylation	CACCCGTAGAACCGACCTTGCG
MIR-9-star	miRNA	5'-phosphorylation	TAAAGCTAGATAACCGAAAGT
RLCV-1	miRNA	5'-phosphorylation	TAACCTGATCAGCCCCGGGGTT
RLCV-10	miRNA	5'-phosphorylation	TAGTGCGCCGGTGACCTGATAG
RLCV-11	miRNA	5'-phosphorylation	TGACACTCGATAGGATACGGGG
RLCV-12-3P	miRNA	5'-phosphorylation	AACGGTGCATGGACTGGCTAGA
RLCV-12-5P	miRNA	5'-phosphorylation	AGACCAGACCATGCACAGTGGG
RLCV-13	miRNA	5'-phosphorylation	GATCATAGCCAGTGTCCAGGGA
RLCV-14-3P	miRNA	5'-phosphorylation	TCGCACATCAGGCTGAACGAC
RLCV-14-5P	miRNA	5'-phosphorylation	TCGGACGGTCTGGTGCGCTTGAT
RLCV-15	miRNA	5'-phosphorylation	TCCTGTAGAGTATGGGTGTGGTTT
RLCV-16-3P	miRNA	5'-phosphorylation	CATGAAACACATGGCCTGTTCC
RLCV-2	miRNA	5'-phosphorylation	TATCTTTTGCGGGGGAATTTCCA
RLCV-3	miRNA	5'-phosphorylation	CGCACCTCGCCGTCTCTACTGCT
RLCV-4-3P	miRNA	5'-phosphorylation	CACCACACGATCCACTAGGTCT
RLCV-4-5P	miRNA	5'-phosphorylation	ACCTAGTAATTGTGCGGTGTT
RLCV-5-3P	miRNA	5'-phosphorylation	CGCACCACTTTTCACTAGGTGT
RLCV-5-5P	miRNA	5'-phosphorylation	AACCTAGTGCCGGTGATGTGCT
RLCV-7	miRNA	5'-phosphorylation	CGAGGTAAACATCGGCTTACTG
RLCV-8	miRNA	5'-phosphorylation	TAAGGTGAATATAGCTGCCCATTG
RLCV-9	miRNA	5'-phosphorylation	TCGATGCATGGTCCCCCCTTAGT
SV40-S1-3P	miRNA	5'-phosphorylation	GCCTGTTTCATGCCCTGAGT
SV40-S1-5P	miRNA	5'-phosphorylation	TGAGGGGCCTGAAATGAGCCTT
2OM-ath-MIR156a	miRNA	5'-phosphorylation_AND_2'O-methylation at 3' end	TGACAGAAGAGAGTGAGCAC
2OM-bol-miR824	miRNA	5'-phosphorylation_AND_2'O-methylation at 3' end	TAGACCATTTGTGAGAAGGGA
2OM-bra-MIR172	miRNA	5'-phosphorylation_AND_2'O-methylation at 3' end	AGAATCTTGATGATGCTGCAT
2OM-hvu-miR168-5p	miRNA	5'-phosphorylation_AND_2'O-methylation at 3' end	TCGCTTGGTGCAGATCGGGAC
ACTB-15	non-miRNA	5'-phosphorylation	GTGCTGCTGACCGAG
ACTB-30	non-miRNA	5'-phosphorylation	GAGCTGCGTGTGGCTCCCGAGGAGCACCCC
ACTB-45	non-miRNA	5'-phosphorylation	AACTGGGACGACATGGAGAAAATCTGGCACCACACCTTCTACAAT
ACTB-60	non-miRNA	5'-phosphorylation	TATGTGGGCGACGAGGCCCAGAGCAAGAGAGGCATCCTCACCCTGAAGTACCCCATCGAG
ACTB-75	non-miRNA	5'-phosphorylation	GGCGACGATGCCCCCCGGGCCGTCTTCCCCTCCATCGTGGGGCGCCCCAGGCACCAGGGCGTGATGGTGGGCATG
ACTB-90	non-miRNA	5'-phosphorylation	ACCGCCGAGACCGCGTCCGCCCCGCGAGCACAGAGCCTCGCCTTTGCCGATCCGCCGCCCGTCCACACCCGCCGCCAGCTCACCATGGAT
ARTIF-1A	Artificial	5'-phosphorylation	ATGTATGGCTGACGTACGTCGTG
ARTIF-1B	Artificial	5'-phosphorylation	AAGTATGGCTGACGTACGTCGTG
ARTIF-2A	Artificial	5'-phosphorylation	ACGGATGGCTGACGTACGTCGGG
ARTIF-2B	Artificial	5'-phosphorylation	ACGAATGGCTGACGTACGTAGCT
ARTIF-3A	Artificial	5'-phosphorylation	ATATATGGCTGACGTACGTAGTG
ARTIF-3B	Artificial	5'-phosphorylation	ATGTATGGCTGACGTACGTGGTT
ARTIF-4A	Artificial	5'-phosphorylation	ACCAATGGCTGACGTACGTAGGG
ARTIF-4B	Artificial	5'-phosphorylation	ACCAATGGCTGGCGTACGTAGGG
ARTIF-5A	Artificial	5'-phosphorylation	ATCTATGGCTGACGTACGTCGCA
ARTIF-5B	Artificial	5'-phosphorylation	ACATATGGCTGACGTACGTCCAT
ARTIF-6A	Artificial	5'-phosphorylation	ATGTATGGCTGGCGTACGTCGTG
ARTIF-6B	Artificial	5'-phosphorylation	AAGTATGGCTGGCGTACGTCGTG
ARTIF-7A	Artificial	5'-phosphorylation	ACGGATGGCTGGCGTACGTCGGG
ARTIF-7B	Artificial	5'-phosphorylation	ACGAATGGCTGGCGTACGTAGCT
ARTIF-8A	Artificial	5'-phosphorylation	ATATATGGCTGGCGTACGTAGTG
ARTIF-8B	Artificial	5'-phosphorylation	ATGTATGGCTGGCGTACGTGGTT
ARTIF-9A	Artificial	5'-phosphorylation	ATCTATGGCTGGCGTACGTCGCA
ARTIF-9B	Artificial	5'-phosphorylation	ACATATGGCTGGCGTACGTCCAT
ath-MIR156a	miRNA	5'-phosphorylation	TGACAGAAGAGAGTGAGCAC
bol-miR824	miRNA	5'-phosphorylation	TAGACCATTTGTGAGAAGGGA
bra-MIR172	miRNA	5'-phosphorylation	AGAATCTTGATGATGCTGCAT
BRCAT1-15	non-miRNA	3'-phosphorylation	ACAAATAACTCAACT
BRCAT1-30	non-miRNA	3'-phosphorylation	GACCGTCTCTGATTTCACAGTCTAGAGCAC
BRCAT1-45	non-miRNA	3'-phosphorylation	CTTCACTGCCCTCTTGGATGAAATAAACTGGTTCCCATAGAAATG
BRCAT1-60	non-miRNA	3'-phosphorylation	AAGAAAAGATGTTTCAGATTGAGGATATGCTGTGTGGTGAACTTGTTCTTCACTCTGTAG
BRCAT1-75	non-miRNA	3'-phosphorylation	GTTTATCTAGACTGTTGGGGAAAGGTGTTGCGATTCCTTCAGCTACACAGGATTGAAAGGAGACATTTCTGAAGG
BRCAT1-90	non-miRNA	3'-phosphorylation	CCGGCCTTTTGGTAGTCTTCTCCATTTGCCTCTTCAGTGGCTGAATTTAATCACCAAGGGATGAGGAAGGCTACAAAATGTGTCTACCTG
BRCAT2-15	non-miRNA	None	ACCGTATTTGGAGAT
BRCAT2-30	non-miRNA	None	AAGTCCTAACCCTGAGAAACTCACAATGTG
BRCAT2-45	non-miRNA	None	ACGGTATGGGTTGAATTGTGTTCCACTCCTCAAATGTACATGTTG
BRCAT2-60	non-miRNA	None	AGGTCACAGGTAGAACATGATATTCCATAAACACTTTGCTGTTGGAAAATGGGGACATTG
BRCAT2-75	non-miRNA	None	TTGCAGACCCGTTTTGGAGATGAGGAACAAATACATGTAAAATTAACTATGATATGAAAGTGACATAATATTGTA
BRCAT2-90	non-miRNA	None	GTTCTCTAAAATGTTTTCAAATAATTAATATCCACCATTAAACTGGAAGGGACCCTAGGAATAGTTTAGATTTGCTAAGTGTCTATGCCA
BRCAT3-15	non-miRNA	5'-phosphorylation	CTCACTTGTGGCTAA
BRCAT3-30	non-miRNA	5'-phosphorylation	CCCTGGCTGCCCAGCATATGGCAGGAGGGG
BRCAT3-45	non-miRNA	5'-phosphorylation	GCTCACAGTGACGGACCCTGATGGCAGAGGCATCCTGGGTAGCTT
BRCAT3-60	non-miRNA	5'-phosphorylation	AACCTTCCCACCTTGTGCCCCACCTTCATTTACCTTAAGCCTCACCCACCCACCTTCATC
BRCAT3-75	non-miRNA	5'-phosphorylation	CAGCCGGCCACTGGAGGCCCTTGGTGATGTGGGCTGCCCTCTGTGCCTCCTGGTGTACACCCCATGGGGAAGTAT
BRCAT3-90	non-miRNA	5'-phosphorylation	AATGGATGAATTGTATGGTATTCTTGGTCAATAACGCTGTTATTTCTAAAAAGGTCTGAGAAAATAAGGATAAATGTCTAGCGTTTCTTC
BRCAT32-15	non-miRNA	3'-phosphorylation	GAGTCCACTCTATGC
BRCAT32-30	non-miRNA	3'-phosphorylation	CAAAGCAGGGAAAAAAAAATCCTAGGATCA
BRCAT32-45	non-miRNA	3'-phosphorylation	GCTTTCCCCGTCTCTGCTTGACACATGAACCAAAACAGAGGCAGC
BRCAT32-60	non-miRNA	3'-phosphorylation	CTACCCTTTCCAATGTGGCCAAAGCTTTTCATTCCGAAGAAGTTTCCTTTCTGAGAACGC
BRCAT32-75	non-miRNA	3'-phosphorylation	GCCACCCAGTAGATGGTACTTTGTTACAGCAGCCTGAAAGGACTAAGACACCGACCTAGTCTCCCTGATGAAAAA
BRCAT32-90	non-miRNA	3'-phosphorylation	CGGAGAGCTGCCTTGCTCCTTCCACCATGTGAGGACACAGCAAGAAGGGGCTGACTCTGAACCAGGAAGCTGTGCTGTGCTCACCAGACA
BRCAT54-15	non-miRNA	3'-phosphorylation	AGAAGCCGGCTGTCT
BRCAT54-30	non-miRNA	3'-phosphorylation	CGCACCTTCTTCCTGCCATGTGAGGAGCCA
BRCAT54-45	non-miRNA	3'-phosphorylation	TCAGAAGGTAATTAATGCCCTTGTAAGAAGAGGCCAGAGAGCTTG
BRCAT54-60	non-miRNA	3'-phosphorylation	ATAAGAAGAGAAAAACATTAAAAAATGACAAGGAAGTTAATGGAAGCAATGTGATGGTGT
BRCAT54-75	non-miRNA	3'-phosphorylation	TTTGCCAGGAACTATTTATAAACATCCTGCAGGAAAATGAGTCTATATGTCAGAATACACATTTCCCACCTTGCC
BRCAT54-90	non-miRNA	3'-phosphorylation	GCGTCATTCATGGTTTAGCCAATCATATAACTTCTCCAGTCGTGGTTTCCTGCGTTTGTAGATGGAAGGAAGAACTTGTGTGCTTAGACC
BRCAT98-15	non-miRNA	None	GTGTGCAGGGTAGGT
BRCAT98-30	non-miRNA	None	TGTATATTGTGTGTGTGTGTGTGCATGCGT
BRCAT98-45	non-miRNA	None	ATGTGTATGTCGTGTGTGTGTCTGTGTATGTGGTGTGTGTGTCTG
BRCAT98-60	non-miRNA	None	ATAGCAGCTTGATCGTTGATTTTTGATTTAGATGATCAATGATGTTCAGAATAGTGTTTG
BRCAT98-75	non-miRNA	None	TCCATTCTTAGTAACTGCCGATTAGGAAGGATTTCTTTCTAAGTCTGTCACTAATTCAACTGTTATTCACAAGAG
BRCAT98-90	non-miRNA	None	GAAACATCCATGCAGGTATGAAGGAGCTCTAACATGCCAGGCCCATCAATGAGAGAGACAACATTTAGATAGGAGTACTGGACATTTGAA
CAT2168-15	non-miRNA	None	CTGGCCTGCAGCTGG
CAT2168-30	non-miRNA	None	GCAACATATCTACGCCTTGCAGCACGGTGC
CAT2168-45	non-miRNA	None	TACTTGCCTGTTAAATCCTGAACATCTGGAAGGGAGTCGTGTTCA
CAT2168-60	non-miRNA	None	TAGGCATCACTTCCTCTGAGCAATCCTCCCTGATGTCATGAGGCAGTGCTGAGTGCCTTC
CAT2168-75	non-miRNA	None	CCTGACGTGGCAACCTGTCGAGACTCAGGACCGCTAGGAAATCAGCTCTTGTTTACCCCTCTATCCATTACACTA
CAT2168-90	non-miRNA	None	CTCAACTCTACCGTTGTAGCGTGAATGTTCCGAGAAAACTTACAACACTAGGCAGTGGGCCACATTTGATGCATAGAAAACTGCTTGCCA
CAT390-15	non-miRNA	None	AAAAAAAAAAGCCTT
CAT390-30	non-miRNA	None	AACTATTCAAGGATGCCACTTCAAGGTAAA
CAT390-45	non-miRNA	None	TTTGGCAGTCACCTTGGAAATCTGCTAAAACAAATAATGGAAGGC
CAT390-60	non-miRNA	None	GTCCCAGTAAGGAAAAGGGAGGTGTCTCAGCGAACACAATTAAGGGTCTTTCTATTTTTG
CAT390-75	non-miRNA	None	TTGCTTCCCATCACAATGATTTATTACAATCATTTTTTAAGATTAACACAACAAGGAGAGAGACAGAGGGGAATG
CAT390-90	non-miRNA	None	TTTCCCTTTACAGAAAGTTTGCCAGCCCCTGCTTCATTTGAAGGAAACTGAAGCTCAGACACATTCAGTGACTCGCAAGTTAACTTTGGA
CAT819-15	non-miRNA	3'-phosphorylation	ATCTTTAAGAACTGT
CAT819-30	non-miRNA	3'-phosphorylation	ACATCTGAAAGCACAAACTCTGGACACACC
CAT819-45	non-miRNA	3'-phosphorylation	GAGACCACAAACCCACCAGAAGGAAGAAACTCCGGACGCATCTGA
CAT819-60	non-miRNA	3'-phosphorylation	AACAACTCCAGATGCGCTGTCTTTAAGAGCTGTAACACTCACAGCAAAGGTCTGCGCCTC
CAT819-75	non-miRNA	3'-phosphorylation	CTCCTGAAGCCAGTGAGACTACGAACAAACGCATTGGGAGGGACGAACAAACGCATTGGGAGGGACCAACAACTC
CAT819-90	non-miRNA	3'-phosphorylation	GAGCTAGCAGCAGCAACCCGGTCAGGTCCCCTTTTGTGCTGTGGAAGCTTTGTTCTTTCTCTGTTTGCAATAAATCTTACTGCTGCTCAC
DSCAM-AS1.1-15	non-miRNA	None	CTGATGGGAAAGCCA
DSCAM-AS1.1-30	non-miRNA	None	CCATGATGAATTAAAATGGAGTGGAACCCA
DSCAM-AS1.1-45	non-miRNA	None	CTAAAAAAAGAAAAAAAGAAAAGAAAAGAAAAGAAAATGATATAT
DSCAM-AS1.1-60	non-miRNA	None	GGGAGGCAGAGGCTGCAGTGAGCTGAGATCATGCCACTACTGCACTCCAGCCTGGGTGAC
DSCAM-AS1.1-75	non-miRNA	None	ACTAAAAATACAAAAATTAGCCGGGCGTGGTGGTGTGCGCCTGGAATCCCAGCTACCCAGGAGGCTGAGGCAGGA
DSCAM-AS1.1-90	non-miRNA	None	CGCTGATGTAAAGAGAGATTGGAAATGATATATCTGGCTGGGCAGGTCACTCATGCCTGTAATCCCAGCACTTTGGGAGGCTGAGGCAGG
GAPDH-15	non-miRNA	None	CCAGTTGAACCAGGC
GAPDH-30	non-miRNA	None	TACGTCGGGGCCCACACGCTCGGTGCGTGC
GAPDH-45	non-miRNA	None	AGCACCGATCACCTCCCATCGGGCCAATCTCAGTCCCTTCCCCCC
GAPDH-60	non-miRNA	None	TTTCATCCAAGCGTGTAAGGGTCCCCGTCCTTGACTCCCTAGTGTCCTGCTGCCCACAGT
GAPDH-75	non-miRNA	None	GAAAGGGGAGGGGGCAGGCCGCGTGCAGCCGCGAGCGGTGCTGGGCTCCGGCTCCAATTCCCCATCTCAGTCGTT
GAPDH-90	non-miRNA	None	GGGGGAAGTGGGGGCTGGGAAGGAACCACGGGCCCCCGCCCGAGGCCCATGGGCCCCTCCTAGGCCTTTGCCTGAGCAGTCCGGTGTCAC
HBA1-15	non-miRNA	5'-phosphorylation	GCGGCAAAAAAAAAA
HBA1-60	non-miRNA	5'-phosphorylation	CAGCCCCTCCTCCCCTTCCTGCACCCGTACCCCCGTGGTCTTTGAATAAAGTCTGAGTGG
HBA1-75	non-miRNA	5'-phosphorylation	TTCCTGGCTTCTGTGAGCACCGTGCTGACCTCCAAATACCGTTAAGCTGGAGCCTCGGTGGCCATGCTTCTTGCC
HBA1-90	non-miRNA	5'-phosphorylation	CATAAACCCTGGCGCGCTCGCGGCCCGGCACTCTTCTGGTCCCCACAGACTCAGAGAGAACCCACCATGGTGCTGTCTCCTGCCGACAAG
HBA2-15	non-miRNA	5'-phosphorylation	CAGCAAAAAAAAAAA
HBA2-60	non-miRNA	5'-phosphorylation	CGGGCCCTCCTCCCCTCCTTGCACCGGCCCTTCCTGGTCTTTGAATAAAGTCTGAGTGGG
HBA2-75	non-miRNA	5'-phosphorylation	TTCCTGGCTTCTGTGAGCACCGTGCTGACCTCCAAATACCGTTAAGCTGGAGCCTCGGTAGCCGTTCCTCCTGCC
HBA2-90	non-miRNA	5'-phosphorylation	CATAAACCCTGGCGCGCTCGCGGGCCGGCACTCTTCTGGTCCCCACAGACTCAGAGAGAACCCACCATGGTGCTGTCTCCTGCCGACAAG
HBB-15	non-miRNA	5'-phosphorylation	TGCTGGCCCATCACT
HBB-30	non-miRNA	5'-phosphorylation	TCAGGCTCCTGGGCAACGTGCTGGTCTGTG
HBB-45	non-miRNA	5'-phosphorylation	TGAGTGAGCTGCACTGTGACAAGCTGCACGTGGATCCTGAGAACT
HBB-60	non-miRNA	5'-phosphorylation	ATGGCAAGAAAGTGCTCGGTGCCTTTAGTGATGGCCTGGCTCACCTGGACAACCTCAAGG
HBB-75	non-miRNA	5'-phosphorylation	TGGTCTACCCTTGGACCCAGAGGTTCTTTGAGTCCTTTGGGGATCTGTCCACTCCTGATGCTGTTATGGGCAACC
HBB-90	non-miRNA	5'-phosphorylation	ACATTTGCTTCTGACACAACTGTGTTCACTAGCAACCTCAAACAGACACCATGGTGCATCTGACTCCTGAGGAGAAGTCTGCCGTTACTG
hvu-miR168-5p	miRNA	5'-phosphorylation	TCGCTTGGTGCAGATCGGGAC
LACAT1-15	non-miRNA	3'-phosphorylation	AAAGGCACTGGCTGC
LACAT1-30	non-miRNA	3'-phosphorylation	GTGCATCTCATAGGATCAACTGGACCCGCG
LACAT1-45	non-miRNA	3'-phosphorylation	CACCCTGGCTTCTGGAGGAGCCCAGGCTGCATTTACCCCTCCATG
LACAT1-60	non-miRNA	3'-phosphorylation	GACTCCAGGGCTCACCAGCTTCTTCCACAACCCGCACAACTTGAACGCTTGGTAGCATCT
LACAT1-75	non-miRNA	3'-phosphorylation	AAGTGATGAACCCAGGACCTCGAGCCAGGAAGATTTTTCCCGGTGAAAAGCAGAGGGATTGACTCACGCTCGGTT
LACAT1-90	non-miRNA	3'-phosphorylation	CTCTCCTGCTCCTTCCACCTCAGGGCCCTCTTAGGGTTGCCTCTTACATTCTTTCCAGGGCTTAGCAGACAGGAACAGGGAGGGTCGGGT
LACAT4-15	non-miRNA	3'-phosphorylation	CTTCAGAATCTCAGT
LACAT4-30	non-miRNA	3'-phosphorylation	GTTTAATGGCATTGTGTACTCCTATTCACT
LACAT4-45	non-miRNA	3'-phosphorylation	ATTTAACTTTATTTTAACCATGGGTTACTGAGAATTTTTGTTAAA
LACAT4-60	non-miRNA	3'-phosphorylation	CTGTTTATCCTAAAAGCTAAATCCCTGATATAAACTTGCTTTTTCATGTTTTTATGATTT
LACAT4-75	non-miRNA	3'-phosphorylation	GCATCTCAAAGGGCAGAAGTCTGGACAGGAAGACCAGTTGCATAGTGGAGGGAAGTATCCTAACCTGGATTAAAT
LACAT4-90	non-miRNA	3'-phosphorylation	CTCTGACCATCCACCCCAGGTGCATTGCTTTTCATACTCTAGAGTCTAGGATTAGGGGCTCACCCACAAAAATAGCTTCCATGGAATGGT
LACAT6-15	non-miRNA	3'-phosphorylation	AAACATCTGGCAGGC
LACAT6-30	non-miRNA	3'-phosphorylation	ACTACTGACATTGATGTAGACTTTAGGGGA
LACAT6-45	non-miRNA	3'-phosphorylation	AATCCAGTTCAGAATTGTAATGAATTATTGAATCCATAAGAATAG
LACAT6-60	non-miRNA	3'-phosphorylation	AAGAAAAAATGCTACATGCATTGCCCCTTTTGGTATAGGGTTTTCTCTCCTTTATAATAA
LACAT6-75	non-miRNA	3'-phosphorylation	AGCCTCAGTGACTAAACCTATTTCCTAATGATTTCAGCATAATCTTTTCTTTTATTGTCCTTCCAATCATAAAAG
LACAT6-90	non-miRNA	3'-phosphorylation	ATTTTCCTCTTCTTAGTCTTTGTCATCAATATCATCATTATACATGTCATCACAGTGCAAATTTAAGCTATTTTTATTGAAAGGGCTTTA
LACAT75-15	non-miRNA	3'-phosphorylation	TTCAGTGATCCGTGA
LACAT75-30	non-miRNA	3'-phosphorylation	AGTCACCCTGGAGGCCTCGGAGAAGGCGGT
LACAT75-45	non-miRNA	3'-phosphorylation	AGGAACACACCGGCGGGAGAACACAGAACACGCACCCTTTCTTTT
LACAT75-60	non-miRNA	3'-phosphorylation	GCCACGCCCCCATCCTGTGCCTATAAAAACTCCCGAGACCCTAGCGGGCACAGACACAAG
LACAT75-75	non-miRNA	3'-phosphorylation	GCCGCCGGGCCTGTGCCCATGGACCTAGGTGAGGACGGGCACTCCTTCCTCCGCGGCCAAACGTTGCATTTCCCA
LACAT75-90	non-miRNA	3'-phosphorylation	CACACCTTTGGTCTGGTTTGAAAGCTGGCGCCCGAAAAGGGGAGCGAAAGGACAAGAAAAAAAAAACACGCTCCGAAAGTGTCTGAGATT
LSCAT212-15	non-miRNA	5'-phosphorylation	AAGTTTGTAAAGAAC
LSCAT212-45	non-miRNA	5'-phosphorylation	ACAAACATTGATGCCTAAGGGTGGTTATGAGAATTGAATAAAATA
LSCAT212-60	non-miRNA	5'-phosphorylation	AACCTCACTTCTGCTACATATCAGCCATCTGGCCATCTGACTTCATCTCTCTGAGCCCGT
LSCAT212-75	non-miRNA	5'-phosphorylation	ATGCTGTCTTTTACACATCTCAGCAGGGAGCTGGTCCCAGAGCAGAAACAACTGGTGATGAGATTTGGACTTCAG
LSCAT212-90	non-miRNA	5'-phosphorylation	TGTAGGACAGGCTTGGAATCTAATTTCCCAGTGCCCTCCACCCCACCCAAAACCCCCAGTGTCTGGCAAATCTGACTTAAATCCCAGAGG
PCA3-15	non-miRNA	5'-phosphorylation	AGATGACAATATAAT
PCA3-30	non-miRNA	5'-phosphorylation	TGGAGATAATTAACATCACTAGAAACAGCA
PCA3-45	non-miRNA	5'-phosphorylation	GAAAGGCTGCTGACTTTACCATCTGAGGCCACACATCTGCTGAAA
PCA3-60	non-miRNA	5'-phosphorylation	GTGTGGCTGCAGCCGAGGGAGACCAGGAAGATCTGCATGGTGGGAAGGACCTGATGATAC
PCA3-75	non-miRNA	5'-phosphorylation	CCTGCTTTCATATTCTGAAGTCAGAGTGTTCCAGACAGAAGAAATAGCAAGTGCCGAGAAGCTGGCATCAGAAAA
PCA3-90	non-miRNA	5'-phosphorylation	ATAAATAAATAAGATAATTTTTAATAGCAACGTGTCAACATAGTGTGACGGGAAGGAGCATGATGAGACAGAAGGAAGGTTTAAACTGGG
PRCAT104-15	non-miRNA	5'-phosphorylation	AAGGTACTCTACAGT
PRCAT104-30	non-miRNA	5'-phosphorylation	CGAGTACGTCTACAGTGAGCCTTGTGGGTG
PRCAT104-45	non-miRNA	5'-phosphorylation	GGACTCTCGAGTGTGGTCATTGAGGACAAGTCAACGAGAGATTCC
PRCAT104-60	non-miRNA	5'-phosphorylation	AGAAATGCCCACAGCTGTGGAGGCGCAGGCCACTCCATCTGGTGCCCAACGTGGATGCTT
PRCAT104-75	non-miRNA	5'-phosphorylation	GCTGAGCGCCGGTCCCCTGGGCCCACTTTTCTTTCTCTATACTTTGTCTCTGTTGTCTTTCTTTTCTCAAGTCTC
PRCAT104-90	non-miRNA	5'-phosphorylation	GCAGAGACATTTGTTCACATGTTTTCCTGCTGGCCCTCTCCCCACTATTACCCTATTGTCCTGCCACATCCCCCTCTCCGAGATGGTAGA
PRCAT122-15	non-miRNA	None	GGATATTGGCTTGCT
PRCAT122-30	non-miRNA	None	TCTCTGTGCCGAAATACTGCTTACCTCAGG
PRCAT122-45	non-miRNA	None	GGTATTGCTGCTCATCTAGAAAACACCAGCTACCAATAGATGTCC
PRCAT122-60	non-miRNA	None	AACTAGAACCTTGAGACTGTGGAACCGCCATACCAGCCCTGCAATTTTGTGCCCAGAATT
PRCAT122-75	non-miRNA	None	CTGGCTAGAATGAGGACGATGGAAAGAACTACTGTGGACTATGTGAATTAAGCAACACACTGGTGATGGCAGAGA
PRCAT122-90	non-miRNA	None	TATTAACACACACTGAAACCGGTTCTCTGGTATGGCCATAAAACTAATTCCTGGCCAATGGCCTATGGGCTTGAAGAATGGATTAATCTT
PRCAT23-90	non-miRNA	5'-phosphorylation	CCCCACACAGGACACACATACAATACAACTCACACACAACATACACAACACAACACACACACACCCTCACATACACCATACACACACACC
PRCAT47-15	non-miRNA	3'-phosphorylation	GGCAGAGATTGGAGG
PRCAT47-30	non-miRNA	3'-phosphorylation	ACACAAGGAAGAAGGTCATGTGAAGATGGA
PRCAT47-45	non-miRNA	3'-phosphorylation	TCCAATGAAAATGTCTTCATAAAAAACAGGAAAGAACCCATAGAA
PRCAT47-60	non-miRNA	3'-phosphorylation	GGAAATAGTGCCTTTGCGGATATAAGTTAGGTAAAACTGAAGATGAGATCATACTGGATT
PRCAT47-75	non-miRNA	3'-phosphorylation	CCAGGGTGATGGATCTCTGCAGTAAGTGGAAGAGTTCTTCATGGCCCCCAAGGTTATATCCATCTAGAACTTCAG
PRCAT47-90	non-miRNA	3'-phosphorylation	ATTAAATTGGAACTTTGGAATCTTAATAGAAAACCAACTGACTTGGCTTGGTTTTCAGGTGCTGGTTCCATGGCTCTTCCTGAGCCGAAA
PRCAT65-15	non-miRNA	3'-phosphorylation	CAAGAGGCTGGGTTG
PRCAT65-30	non-miRNA	3'-phosphorylation	GAAAATTCCGTGAGAGACTCACGCAACCTA
PRCAT65-45	non-miRNA	3'-phosphorylation	TGTGTGGTTGAAAGAGACATGGGCTACTCCTCTCTGCTTGAAACA
PRCAT65-60	non-miRNA	3'-phosphorylation	GAATCTTTCAAAACCGTGTGAGCCAGAGGCAGCCATAGGGATATTATGGTTGCTTGTTTA
PRCAT65-75	non-miRNA	3'-phosphorylation	GGACAAAATTAAAGTTGTGAAAATTATATACGTACTTCACGTGATTCTAGTCTACTGCCACACAAGGCTCTGGTG
PRCAT65-90	non-miRNA	3'-phosphorylation	GCCGATTTGCAGAGCCTCAGGGGCCTGAGCTAATGGAGTTGCTGCCATTTTGACCATTGCCAACCATGATACCAGAGGGAAATGAAATGT
PRCAT73-15	non-miRNA	None	TCTAGAGACAGGACT
PRCAT73-30	non-miRNA	None	ATTGGTTTGGTGGGACAGGACCAAAACTCT
PRCAT73-45	non-miRNA	None	AAACCCAACCTGAAGAAGTTCATGCATGAAGTCTGACCTTGCTTA
PRCAT73-60	non-miRNA	None	GGAGGAATTCAATTAAAGGGACCTTGATTCACATTCAAATAACTACCCACAACTGGCAAT
PRCAT73-75	non-miRNA	None	CATGGCAGTCAAACTTCTTTCATGGAAGCTCAAGTCTACAAGAGATCAAAGTGGAAGCTGCCAGTCTTTTTACAG
PRCAT73-90	non-miRNA	None	GGGTTTTCAACCCTGGTCATCTATCTGGATCATTATTCAAAATGCAAAACCAGAAACTTTGGAGTGAGATTTTGTTATCTGCATTTTTGA
PRCAT98-15	non-miRNA	None	ACCCCTGACTGAACC
PRCAT98-30	non-miRNA	None	ATGAGAAACTCTTACAGGAAATGCTGGCCC
PRCAT98-45	non-miRNA	None	GGGCGATGGGTTCCCTCTCATAGCAGCCGTGCACACGGGCCTTTC
PRCAT98-60	non-miRNA	None	GCAGGTTCCTGGCACCACGCGCATGGCTGACCCAATGTCGCCCAAACCACAAAAGTCACA
PRCAT98-75	non-miRNA	None	GACATCCCAGCGGGGAAGCACCACACATGTGATGGACAGCTCAACTTCCTCCTGGGTTTTAGGTGTCCTCCGCAT
PRCAT98-90	non-miRNA	None	CAATGCTGCTCAAACTCCCTGTTTAGGATGGCATGTTCAGCAGCTGTGCTGAGCCCACGTCTCCCAGTCCTAACCCTGGATCCCTCTTAT
SCHLAP1-15	non-miRNA	None	AGGGTCCGCGGCTTC
SCHLAP1-30	non-miRNA	None	CCGCCTTTAAGAACTGTAACACTCACTGCG
SCHLAP1-45	non-miRNA	None	ACTCCGAACACATCTGAACATCAGAAGCAACAAACTCCGGACACG
SCHLAP1-60	non-miRNA	None	GCTGTAACACTCACCGCGAAGGTCTGCAGCTTCACTCCTGAGCCAGCGAGACCACGAACC
SCHLAP1-75	non-miRNA	None	ACCGCGAAGGTCCGCAGCTTCACTCCTGAAGCCAGCGAGACCACGAGCCTACTGGGAGGAACGAACAACTCCCGA
SCHLAP1-90	non-miRNA	None	AGAGAATAAAAGCAGGCTGCCCGAGCCAGCAGTGGCAACCTGATGGGGTCCCTTTTCAAGCTGTGGAACCTTTGTTCTTTCTCTGTTTGC
